date,ticker,per,pbr,peg,ev_ebitda,psr,dividend_yield,fcf_yield,valuation_signal,data_type
2025-05-09,AAPL,67.1,23.7,0.55,15.51,4.27,1.51,11.67,fair,valuation
2025-05-09,NVDA,67.54,1.14,4.1,20.34,18.69,2.46,0.62,overvalued,valuation
2025-05-09,TSLA,36.86,13.17,4.0,33.82,13.56,6.37,11.43,undervalued,valuation
2025-05-09,MSFT,62.49,2.4,3.59,39.69,2.09,7.0,3.25,overvalued,valuation
2025-05-09,AMZN,50.98,22.18,0.7,27.32,10.65,2.27,3.12,overvalued,valuation
2025-05-12,AAPL,26.38,21.04,2.64,14.4,17.71,5.45,2.82,undervalued,valuation
2025-05-12,NVDA,38.75,20.33,2.87,16.22,17.95,3.21,-2.94,fair,valuation
2025-05-12,TSLA,46.16,18.99,3.49,40.95,13.34,1.63,2.2,fair,valuation
2025-05-12,MSFT,46.14,15.0,1.66,25.07,13.0,5.86,0.94,fair,valuation
2025-05-12,AMZN,28.75,16.34,3.93,34.15,16.97,6.18,11.62,overvalued,valuation
2025-05-13,AAPL,63.99,19.7,3.38,38.36,6.4,3.87,7.83,overvalued,valuation
2025-05-13,NVDA,50.61,8.39,3.16,40.73,10.26,4.54,1.54,fair,valuation
2025-05-13,TSLA,17.06,0.98,1.38,8.62,2.91,7.14,7.1,undervalued,valuation
2025-05-13,MSFT,24.9,22.26,3.52,17.49,16.74,7.37,8.18,overvalued,valuation
2025-05-13,AMZN,14.51,15.14,0.81,43.47,16.98,7.45,6.77,overvalued,valuation
2025-05-14,AAPL,75.13,1.43,1.89,31.12,12.28,2.75,-4.79,fair,valuation
2025-05-14,NVDA,36.73,12.44,2.09,36.59,15.3,1.65,11.72,overvalued,valuation
2025-05-14,TSLA,79.33,1.37,1.6,40.57,17.28,1.0,-1.36,fair,valuation
2025-05-14,MSFT,24.5,24.42,3.42,21.64,8.99,5.25,6.52,overvalued,valuation
2025-05-14,AMZN,59.98,2.11,0.76,26.86,12.5,4.74,2.11,undervalued,valuation
2025-05-15,AAPL,42.32,2.2,2.76,17.64,9.03,7.45,4.06,undervalued,valuation
2025-05-15,NVDA,25.04,20.09,2.02,24.34,16.5,4.08,-0.17,overvalued,valuation
2025-05-15,TSLA,67.39,4.35,3.64,5.88,11.54,3.69,11.04,undervalued,valuation
2025-05-15,MSFT,26.14,17.58,4.37,5.18,6.15,1.27,6.86,fair,valuation
2025-05-15,AMZN,17.16,8.99,1.85,9.63,7.15,7.12,8.88,undervalued,valuation
2025-05-16,AAPL,65.52,18.73,4.12,18.08,17.51,2.67,8.31,undervalued,valuation
2025-05-16,NVDA,13.86,20.49,1.45,43.42,14.32,6.1,7.62,undervalued,valuation
2025-05-16,TSLA,12.39,10.65,4.09,25.24,18.3,1.68,9.17,undervalued,valuation
2025-05-16,MSFT,68.54,4.37,2.49,23.29,1.79,5.11,0.75,undervalued,valuation
2025-05-16,AMZN,13.19,7.65,2.05,11.12,12.64,3.21,6.28,undervalued,valuation
2025-05-19,AAPL,30.31,8.99,3.24,38.63,14.76,7.53,2.59,overvalued,valuation
2025-05-19,NVDA,23.71,2.98,2.34,21.28,2.13,0.48,-3.8,overvalued,valuation
2025-05-19,TSLA,45.61,7.62,2.4,16.8,1.11,1.79,6.62,fair,valuation
2025-05-19,MSFT,52.95,6.21,4.17,31.53,6.42,3.45,6.6,overvalued,valuation
2025-05-19,AMZN,33.46,13.59,0.67,10.82,0.61,1.92,5.36,overvalued,valuation
2025-05-20,AAPL,77.98,9.77,0.78,3.44,18.48,2.81,10.02,undervalued,valuation
2025-05-20,NVDA,14.55,9.4,2.24,38.67,12.29,7.02,1.79,overvalued,valuation
2025-05-20,TSLA,71.69,3.29,3.58,29.7,7.95,0.0,6.19,undervalued,valuation
2025-05-20,MSFT,66.61,19.76,0.58,42.52,12.34,1.44,1.66,fair,valuation
2025-05-20,AMZN,42.83,10.86,1.92,39.98,2.87,1.7,-1.82,overvalued,valuation
2025-05-21,AAPL,27.06,14.75,0.54,31.69,15.44,2.63,11.34,undervalued,valuation
2025-05-21,NVDA,14.28,2.54,4.36,23.69,14.19,3.2,-2.28,undervalued,valuation
2025-05-21,TSLA,16.87,17.22,3.66,30.24,15.44,7.8,6.21,undervalued,valuation
2025-05-21,MSFT,62.76,17.16,3.59,32.33,5.26,7.56,0.83,fair,valuation
2025-05-21,AMZN,5.31,5.83,2.75,34.66,4.07,6.95,5.29,fair,valuation
2025-05-22,AAPL,68.24,6.5,2.75,37.42,18.78,6.8,6.31,undervalued,valuation
2025-05-22,NVDA,72.06,13.92,1.2,16.5,13.24,4.39,1.47,undervalued,valuation
2025-05-22,TSLA,6.41,5.31,4.04,26.1,15.65,6.49,3.96,overvalued,valuation
2025-05-22,MSFT,10.94,1.4,1.82,26.52,1.19,4.67,-2.97,fair,valuation
2025-05-22,AMZN,64.8,23.25,2.37,33.96,16.12,3.93,7.82,fair,valuation
2025-05-23,AAPL,27.5,18.67,4.47,21.91,17.67,4.27,-0.03,undervalued,valuation
2025-05-23,NVDA,43.7,5.13,1.07,44.93,12.27,1.66,5.5,undervalued,valuation
2025-05-23,TSLA,67.11,24.28,3.36,19.34,3.82,0.57,0.06,overvalued,valuation
2025-05-23,MSFT,31.73,14.03,2.88,21.04,15.76,2.52,-0.74,fair,valuation
2025-05-23,AMZN,70.84,12.63,1.91,35.1,9.83,3.95,-3.41,overvalued,valuation
2025-05-26,AAPL,24.27,8.29,3.28,17.08,11.77,1.77,1.63,fair,valuation
2025-05-26,NVDA,38.24,15.43,3.3,29.83,14.21,7.41,-2.5,overvalued,valuation
2025-05-26,TSLA,7.36,20.7,4.01,38.54,12.91,5.04,-0.08,undervalued,valuation
2025-05-26,MSFT,41.35,2.41,0.9,7.22,8.77,5.57,11.25,overvalued,valuation
2025-05-26,AMZN,57.44,4.56,0.93,30.06,7.52,5.9,-2.58,undervalued,valuation
2025-05-27,AAPL,60.61,17.62,4.39,14.85,6.6,2.75,9.49,overvalued,valuation
2025-05-27,NVDA,33.4,20.89,4.27,16.31,7.33,1.11,-4.45,overvalued,valuation
2025-05-27,TSLA,75.22,2.44,4.46,12.03,8.12,0.96,7.23,fair,valuation
2025-05-27,MSFT,15.82,2.5,1.6,37.11,7.59,7.24,5.14,fair,valuation
2025-05-27,AMZN,73.65,18.43,1.84,17.32,13.11,6.34,-2.76,fair,valuation
2025-05-28,AAPL,20.83,6.81,1.52,13.26,5.66,7.42,0.64,overvalued,valuation
2025-05-28,NVDA,40.08,3.9,3.89,30.86,16.42,1.29,6.57,overvalued,valuation
2025-05-28,TSLA,39.46,4.4,3.2,33.24,18.44,4.3,0.14,overvalued,valuation
2025-05-28,MSFT,53.97,4.86,1.8,43.91,9.55,2.84,8.77,undervalued,valuation
2025-05-28,AMZN,5.38,2.74,0.99,26.11,8.12,7.76,7.26,overvalued,valuation
2025-05-29,AAPL,41.38,24.61,3.48,32.7,3.11,7.3,-3.51,overvalued,valuation
2025-05-29,NVDA,34.85,3.06,1.17,44.43,9.77,6.81,7.64,overvalued,valuation
2025-05-29,TSLA,9.38,24.29,2.17,18.36,3.88,0.0,-1.61,undervalued,valuation
2025-05-29,MSFT,5.36,2.94,3.66,38.38,1.17,7.24,-4.35,overvalued,valuation
2025-05-29,AMZN,77.9,15.16,0.5,5.58,18.51,1.32,1.88,undervalued,valuation
2025-05-30,AAPL,61.5,14.39,3.39,42.36,14.3,0.87,2.15,overvalued,valuation
2025-05-30,NVDA,27.07,16.27,3.39,30.91,14.49,6.65,11.01,undervalued,valuation
2025-05-30,TSLA,63.25,23.91,0.85,33.09,12.05,3.4,0.62,fair,valuation
2025-05-30,MSFT,66.29,9.92,2.77,15.79,3.46,3.44,-2.17,undervalued,valuation
2025-05-30,AMZN,38.69,0.54,1.37,16.43,19.67,2.78,11.78,undervalued,valuation
2025-06-02,AAPL,16.12,10.09,1.52,25.66,6.17,0.44,0.93,fair,valuation
2025-06-02,NVDA,70.91,17.86,3.01,17.32,8.31,7.57,8.25,fair,valuation
2025-06-02,TSLA,18.33,23.01,1.48,5.69,11.51,7.76,-0.52,overvalued,valuation
2025-06-02,MSFT,44.08,12.73,3.46,6.78,6.25,5.86,2.72,undervalued,valuation
2025-06-02,AMZN,36.93,3.82,2.17,32.08,4.51,0.11,0.94,fair,valuation
2025-06-03,AAPL,60.48,13.71,0.7,7.36,9.62,0.12,9.07,fair,valuation
2025-06-03,NVDA,41.22,17.69,4.2,39.86,3.12,1.21,3.06,overvalued,valuation
2025-06-03,TSLA,55.81,6.76,4.36,14.22,9.08,7.53,3.1,undervalued,valuation
2025-06-03,MSFT,80.0,18.85,1.4,21.06,19.69,6.34,2.01,overvalued,valuation
2025-06-03,AMZN,24.55,7.8,3.44,12.91,4.04,4.33,8.41,overvalued,valuation
2025-06-04,AAPL,52.27,22.47,1.5,29.85,9.49,7.44,10.71,overvalued,valuation
2025-06-04,NVDA,5.98,15.61,3.23,23.14,16.68,3.7,0.69,undervalued,valuation
2025-06-04,TSLA,47.71,21.24,2.57,3.16,17.9,2.37,-4.94,overvalued,valuation
2025-06-04,MSFT,13.31,22.6,3.52,11.98,14.08,3.12,8.83,overvalued,valuation
2025-06-04,AMZN,65.43,1.46,1.13,7.51,3.33,3.24,2.27,fair,valuation
2025-06-05,AAPL,45.84,24.47,1.21,16.2,2.26,1.8,5.55,fair,valuation
2025-06-05,NVDA,35.89,20.32,2.41,21.8,15.59,5.11,-0.14,undervalued,valuation
2025-06-05,TSLA,69.47,22.93,1.05,5.52,19.84,5.21,-1.1,undervalued,valuation
2025-06-05,MSFT,77.12,4.19,1.59,22.51,16.16,5.76,7.94,undervalued,valuation
2025-06-05,AMZN,32.87,10.02,1.64,16.83,6.71,0.33,11.25,overvalued,valuation
2025-06-06,AAPL,27.34,20.84,2.29,42.0,15.33,5.59,6.68,fair,valuation
2025-06-06,NVDA,75.33,8.8,2.78,38.37,7.56,7.14,6.01,fair,valuation
2025-06-06,TSLA,48.25,0.7,1.34,42.73,1.7,0.76,-4.75,undervalued,valuation
2025-06-06,MSFT,56.09,7.4,3.12,29.14,2.27,7.71,5.08,undervalued,valuation
2025-06-06,AMZN,61.67,22.06,3.48,14.98,14.85,0.45,9.49,overvalued,valuation
2025-06-09,AAPL,21.07,10.56,2.98,7.83,2.72,4.7,-0.15,fair,valuation
2025-06-09,NVDA,38.19,18.12,1.65,38.82,12.87,2.08,-1.6,undervalued,valuation
2025-06-09,TSLA,15.07,5.73,3.48,8.23,14.09,1.53,5.91,fair,valuation
2025-06-09,MSFT,28.45,16.75,3.83,21.72,1.38,5.27,1.56,fair,valuation
2025-06-09,AMZN,35.46,11.98,3.01,35.42,6.36,0.4,7.27,overvalued,valuation
2025-06-10,AAPL,19.29,21.24,3.83,10.46,18.79,2.08,3.38,overvalued,valuation
2025-06-10,NVDA,73.35,4.21,4.37,21.76,18.88,3.54,-4.6,undervalued,valuation
2025-06-10,TSLA,5.03,0.98,3.36,40.43,7.71,2.27,1.47,fair,valuation
2025-06-10,MSFT,5.43,10.18,3.1,11.33,14.11,3.88,-0.36,fair,valuation
2025-06-10,AMZN,26.19,5.84,2.47,20.52,17.6,5.18,4.56,overvalued,valuation
2025-06-11,AAPL,66.62,15.11,1.57,9.83,3.93,7.99,-3.89,overvalued,valuation
2025-06-11,NVDA,37.63,14.15,3.06,37.5,5.08,2.57,2.85,undervalued,valuation
2025-06-11,TSLA,17.5,4.94,4.02,22.62,10.62,0.49,1.28,fair,valuation
2025-06-11,MSFT,60.04,11.63,2.43,23.59,13.64,2.78,-2.81,fair,valuation
2025-06-11,AMZN,31.58,20.5,2.2,33.55,10.53,7.2,-1.77,overvalued,valuation
2025-06-12,AAPL,61.96,21.87,1.9,28.62,19.24,7.96,6.16,fair,valuation
2025-06-12,NVDA,25.8,12.34,3.85,13.14,19.08,0.61,-3.18,undervalued,valuation
2025-06-12,TSLA,52.23,16.0,1.14,15.56,14.65,0.56,3.91,undervalued,valuation
2025-06-12,MSFT,53.92,11.48,2.08,20.25,10.46,5.37,1.11,fair,valuation
2025-06-12,AMZN,44.97,11.76,0.73,27.69,17.22,6.92,4.59,undervalued,valuation
2025-06-13,AAPL,59.56,10.7,1.12,38.42,8.55,6.07,4.01,undervalued,valuation
2025-06-13,NVDA,64.63,7.32,1.47,24.02,13.31,4.82,4.21,undervalued,valuation
2025-06-13,TSLA,75.21,21.03,2.81,31.58,4.38,3.82,6.19,overvalued,valuation
2025-06-13,MSFT,20.02,16.98,2.19,9.25,5.24,0.38,5.5,undervalued,valuation
2025-06-13,AMZN,30.89,14.34,2.29,16.14,1.14,4.47,6.23,undervalued,valuation
2025-06-16,AAPL,10.04,22.05,2.35,3.63,16.43,4.08,10.77,overvalued,valuation
2025-06-16,NVDA,73.48,13.93,0.67,13.7,15.07,4.03,11.41,fair,valuation
2025-06-16,TSLA,57.69,24.25,0.41,14.64,12.88,7.27,2.32,overvalued,valuation
2025-06-16,MSFT,40.66,1.0,2.91,43.13,1.0,6.42,4.33,undervalued,valuation
2025-06-16,AMZN,59.64,17.1,2.66,3.05,1.16,4.81,-3.55,undervalued,valuation
2025-06-17,AAPL,6.41,9.74,4.2,37.22,4.83,5.76,-0.72,fair,valuation
2025-06-17,NVDA,73.95,19.7,4.2,38.95,15.32,1.18,11.61,fair,valuation
2025-06-17,TSLA,42.16,1.63,1.82,19.1,8.58,6.99,7.88,overvalued,valuation
2025-06-17,MSFT,56.03,11.61,1.27,8.01,9.78,0.08,-1.4,fair,valuation
2025-06-17,AMZN,70.75,21.44,1.04,38.58,13.82,3.93,9.5,overvalued,valuation
2025-06-18,AAPL,56.7,7.27,2.86,35.67,7.99,5.95,10.61,undervalued,valuation
2025-06-18,NVDA,48.49,12.16,3.59,43.44,1.92,0.37,10.25,undervalued,valuation
2025-06-18,TSLA,68.67,5.94,1.94,18.59,15.41,1.75,9.14,undervalued,valuation
2025-06-18,MSFT,46.16,9.24,2.84,36.45,7.58,4.25,2.08,undervalued,valuation
2025-06-18,AMZN,12.4,13.28,0.63,32.69,17.48,0.56,9.26,undervalued,valuation
2025-06-19,AAPL,76.98,15.62,3.11,22.14,0.58,6.5,-4.8,fair,valuation
2025-06-19,NVDA,42.46,15.93,3.63,12.49,12.03,0.92,8.15,overvalued,valuation
2025-06-19,TSLA,15.76,10.35,2.88,37.24,7.93,7.59,-0.63,fair,valuation
2025-06-19,MSFT,10.18,23.62,4.39,28.41,18.87,0.16,5.39,fair,valuation
2025-06-19,AMZN,12.13,24.36,2.28,21.74,4.04,3.88,2.79,fair,valuation
2025-06-20,AAPL,52.0,2.92,2.99,36.12,19.39,5.27,3.74,undervalued,valuation
2025-06-20,NVDA,20.88,18.66,1.71,35.89,17.04,4.18,-3.72,overvalued,valuation
2025-06-20,TSLA,70.3,8.99,3.12,27.39,10.27,3.68,8.32,fair,valuation
2025-06-20,MSFT,29.64,22.96,1.41,6.28,3.2,2.25,8.29,undervalued,valuation
2025-06-20,AMZN,34.11,1.34,1.57,18.7,15.33,6.95,1.31,overvalued,valuation
2025-06-23,AAPL,64.68,6.22,4.46,33.32,10.74,5.85,0.03,overvalued,valuation
2025-06-23,NVDA,27.1,6.7,0.68,29.25,16.9,4.08,-2.48,fair,valuation
2025-06-23,TSLA,33.38,1.06,0.8,11.99,16.73,5.1,8.55,fair,valuation
2025-06-23,MSFT,35.71,22.81,3.67,34.56,4.85,5.36,1.57,undervalued,valuation
2025-06-23,AMZN,31.22,19.45,1.34,25.12,13.35,2.85,6.66,fair,valuation
2025-06-24,AAPL,14.32,15.52,4.39,31.35,17.36,2.5,6.27,fair,valuation
2025-06-24,NVDA,40.28,16.78,2.96,31.1,6.34,7.49,11.9,overvalued,valuation
2025-06-24,TSLA,11.31,19.04,1.82,32.27,16.68,4.95,-4.44,fair,valuation
2025-06-24,MSFT,58.31,22.52,4.36,6.23,9.6,1.91,2.09,undervalued,valuation
2025-06-24,AMZN,12.73,2.6,3.35,17.43,2.16,1.57,4.02,undervalued,valuation
2025-06-25,AAPL,50.65,12.79,2.96,4.59,1.3,4.9,4.65,overvalued,valuation
2025-06-25,NVDA,33.94,6.76,1.79,42.96,19.12,5.93,-2.77,overvalued,valuation
2025-06-25,TSLA,66.84,18.11,1.16,34.43,12.42,1.07,2.7,undervalued,valuation
2025-06-25,MSFT,55.96,20.67,4.22,39.59,5.01,7.85,-0.39,overvalued,valuation
2025-06-25,AMZN,33.89,19.24,0.75,40.02,1.6,4.75,5.14,overvalued,valuation
2025-06-26,AAPL,14.64,8.01,1.48,9.42,8.75,2.15,1.38,fair,valuation
2025-06-26,NVDA,23.67,5.55,4.37,22.98,4.5,7.11,8.48,overvalued,valuation
2025-06-26,TSLA,74.56,24.38,3.45,3.81,2.52,4.23,-3.99,overvalued,valuation
2025-06-26,MSFT,43.32,21.12,3.01,7.92,2.18,3.22,0.68,fair,valuation
2025-06-26,AMZN,15.61,23.21,3.61,15.56,1.27,4.43,-0.03,undervalued,valuation
2025-06-27,AAPL,66.33,18.62,1.94,28.91,3.18,2.92,5.34,overvalued,valuation
2025-06-27,NVDA,12.74,1.49,1.24,27.84,12.93,0.89,10.2,overvalued,valuation
2025-06-27,TSLA,23.09,20.21,2.73,25.77,12.44,7.53,11.44,fair,valuation
2025-06-27,MSFT,42.55,11.22,0.84,33.17,16.79,3.3,-2.63,overvalued,valuation
2025-06-27,AMZN,72.2,18.46,1.65,10.14,14.85,1.73,7.65,overvalued,valuation
2025-06-30,AAPL,41.68,4.8,0.54,4.88,19.52,2.77,-1.54,undervalued,valuation
2025-06-30,NVDA,9.45,12.1,1.41,40.39,3.32,2.84,0.24,overvalued,valuation
2025-06-30,TSLA,75.44,19.5,1.16,27.5,18.9,4.67,10.84,fair,valuation
2025-06-30,MSFT,24.22,17.57,4.24,43.32,2.92,5.94,11.56,overvalued,valuation
2025-06-30,AMZN,47.83,15.73,2.75,7.08,6.26,3.47,9.53,overvalued,valuation
2025-07-01,AAPL,67.4,23.5,3.55,39.26,12.51,7.68,1.64,undervalued,valuation
2025-07-01,NVDA,72.86,19.87,2.08,20.0,5.46,2.78,6.07,overvalued,valuation
2025-07-01,TSLA,9.81,12.12,3.57,6.91,10.41,4.34,7.42,fair,valuation
2025-07-01,MSFT,18.19,15.9,3.1,32.97,1.46,3.93,-1.76,overvalued,valuation
2025-07-01,AMZN,33.46,23.22,0.64,21.75,17.61,0.55,-1.7,fair,valuation
2025-07-02,AAPL,69.71,10.17,2.43,25.9,3.3,7.37,-4.34,fair,valuation
2025-07-02,NVDA,36.17,8.9,2.1,8.94,17.19,1.15,11.14,fair,valuation
2025-07-02,TSLA,32.24,11.59,0.46,40.09,14.68,3.6,5.26,fair,valuation
2025-07-02,MSFT,27.37,23.87,0.9,23.03,14.57,1.45,-1.92,overvalued,valuation
2025-07-02,AMZN,32.08,13.44,1.64,20.41,17.7,2.88,-2.57,fair,valuation
2025-07-03,AAPL,48.66,21.73,2.16,20.11,12.21,7.21,-1.02,overvalued,valuation
2025-07-03,NVDA,21.45,3.56,3.74,6.42,6.06,0.38,5.91,fair,valuation
2025-07-03,TSLA,6.54,24.46,3.5,44.92,14.82,6.5,9.86,undervalued,valuation
2025-07-03,MSFT,14.26,2.83,1.29,38.96,12.43,5.16,-1.94,fair,valuation
2025-07-03,AMZN,37.23,17.89,2.17,38.6,15.75,1.58,1.4,undervalued,valuation
2025-07-04,AAPL,23.69,18.81,0.83,23.85,5.81,1.18,7.65,fair,valuation
2025-07-04,NVDA,23.04,5.7,2.61,28.95,7.52,7.03,1.66,overvalued,valuation
2025-07-04,TSLA,24.92,17.61,0.49,15.71,13.03,5.75,1.57,undervalued,valuation
2025-07-04,MSFT,18.8,20.88,1.15,30.21,17.05,1.79,-3.05,overvalued,valuation
2025-07-04,AMZN,63.67,17.31,3.7,32.94,12.99,7.08,8.01,overvalued,valuation
2025-07-07,AAPL,56.49,15.06,2.38,31.12,11.47,3.49,-0.2,overvalued,valuation
2025-07-07,NVDA,45.42,20.75,4.47,13.07,14.8,5.03,10.81,fair,valuation
2025-07-07,TSLA,18.4,22.45,4.29,3.93,8.21,2.75,9.3,overvalued,valuation
2025-07-07,MSFT,52.1,22.72,1.3,11.26,17.52,0.11,9.17,fair,valuation
2025-07-07,AMZN,33.26,13.08,0.81,27.91,1.56,7.79,2.01,fair,valuation
2025-07-08,AAPL,45.58,10.32,1.32,14.78,13.31,1.89,10.63,fair,valuation
2025-07-08,NVDA,72.52,7.22,2.89,9.21,12.45,2.85,1.26,undervalued,valuation
2025-07-08,TSLA,59.43,13.98,0.45,35.97,12.43,2.34,-0.62,undervalued,valuation
2025-07-08,MSFT,49.02,15.72,3.84,15.59,16.93,2.7,0.33,undervalued,valuation
2025-07-08,AMZN,74.93,1.84,4.09,11.08,9.56,7.7,9.71,fair,valuation
2025-07-09,AAPL,44.72,7.25,2.93,34.77,19.41,7.11,1.17,overvalued,valuation
2025-07-09,NVDA,19.68,19.79,2.36,30.86,19.4,4.34,6.13,overvalued,valuation
2025-07-09,TSLA,60.97,8.28,4.09,37.4,10.11,6.72,-4.18,fair,valuation
2025-07-09,MSFT,30.63,14.99,1.39,23.93,19.02,5.53,2.59,overvalued,valuation
2025-07-09,AMZN,14.21,17.23,2.06,40.37,2.06,5.02,7.08,fair,valuation
2025-07-10,AAPL,22.21,2.52,1.65,25.03,4.56,4.47,-3.03,fair,valuation
2025-07-10,NVDA,69.8,6.26,1.21,21.59,5.85,6.97,7.49,overvalued,valuation
2025-07-10,TSLA,11.73,8.89,0.8,8.55,16.77,5.08,-2.79,undervalued,valuation
2025-07-10,MSFT,49.31,1.05,4.3,34.1,17.24,2.58,-4.52,undervalued,valuation
2025-07-10,AMZN,13.81,11.88,3.25,10.27,17.13,0.51,-0.47,undervalued,valuation
2025-07-11,AAPL,31.49,10.92,3.81,30.02,19.09,6.21,-4.17,fair,valuation
2025-07-11,NVDA,46.91,13.13,2.12,21.36,7.54,7.08,-0.17,overvalued,valuation
2025-07-11,TSLA,18.31,13.5,2.98,34.52,7.4,3.54,5.74,fair,valuation
2025-07-11,MSFT,8.21,20.11,4.12,20.53,15.13,3.45,5.21,fair,valuation
2025-07-11,AMZN,79.05,23.97,4.04,3.42,12.64,1.63,6.07,undervalued,valuation
2025-07-14,AAPL,66.19,6.83,3.13,3.36,13.62,3.49,-2.85,overvalued,valuation
2025-07-14,NVDA,36.53,1.83,3.45,31.29,1.88,6.93,8.87,overvalued,valuation
2025-07-14,TSLA,22.11,7.58,2.49,40.24,1.25,5.38,-0.83,fair,valuation
2025-07-14,MSFT,79.7,15.57,3.98,13.78,19.04,3.7,6.72,undervalued,valuation
2025-07-14,AMZN,13.45,18.14,1.08,12.37,1.62,1.95,2.09,fair,valuation
2025-07-15,AAPL,11.91,19.57,1.63,29.35,11.36,3.11,-1.44,undervalued,valuation
2025-07-15,NVDA,30.88,16.36,1.59,22.18,2.46,1.28,11.6,fair,valuation
2025-07-15,TSLA,70.14,10.6,3.67,16.69,14.61,7.97,6.43,undervalued,valuation
2025-07-15,MSFT,12.84,17.1,1.75,10.81,9.46,3.35,4.98,fair,valuation
2025-07-15,AMZN,42.58,2.99,1.49,35.1,11.32,3.7,-3.99,overvalued,valuation
2025-07-16,AAPL,78.28,14.47,1.13,15.48,2.74,5.6,3.78,fair,valuation
2025-07-16,NVDA,52.83,11.76,2.48,33.72,13.04,7.87,8.44,fair,valuation
2025-07-16,TSLA,36.8,12.47,4.1,10.8,3.67,1.47,0.06,undervalued,valuation
2025-07-16,MSFT,39.23,22.25,3.7,32.06,12.92,2.37,6.33,fair,valuation
2025-07-16,AMZN,15.01,11.39,2.2,28.09,1.73,2.19,9.13,fair,valuation
2025-07-17,AAPL,79.5,16.03,1.38,38.56,0.63,7.5,8.07,fair,valuation
2025-07-17,NVDA,41.65,15.41,1.48,23.66,14.52,1.28,2.06,overvalued,valuation
2025-07-17,TSLA,26.33,2.12,2.0,4.56,10.32,5.06,11.34,overvalued,valuation
2025-07-17,MSFT,68.19,20.42,4.47,31.87,2.49,5.81,5.35,undervalued,valuation
2025-07-17,AMZN,45.66,6.1,1.01,5.48,6.28,5.38,5.41,overvalued,valuation
2025-07-18,AAPL,43.92,18.15,3.65,13.01,8.44,4.74,-1.98,overvalued,valuation
2025-07-18,NVDA,68.52,23.17,2.85,31.45,12.65,6.94,6.39,overvalued,valuation
2025-07-18,TSLA,23.85,0.94,1.5,40.29,2.17,6.33,10.7,fair,valuation
2025-07-18,MSFT,34.66,20.78,0.33,14.89,3.76,4.3,8.08,fair,valuation
2025-07-18,AMZN,35.05,13.1,1.61,33.41,10.91,2.77,-2.97,overvalued,valuation
2025-07-21,AAPL,12.08,2.36,2.57,20.62,14.06,1.64,5.5,overvalued,valuation
2025-07-21,NVDA,53.41,20.45,2.64,9.98,2.55,1.61,11.83,fair,valuation
2025-07-21,TSLA,32.01,12.97,0.94,32.31,12.93,7.74,3.28,undervalued,valuation
2025-07-21,MSFT,53.84,11.91,0.95,39.48,12.36,3.49,0.4,undervalued,valuation
2025-07-21,AMZN,62.8,17.8,2.29,7.77,8.91,3.35,8.15,overvalued,valuation
2025-07-22,AAPL,63.02,3.09,1.82,31.8,13.73,1.77,2.6,undervalued,valuation
2025-07-22,NVDA,8.76,12.23,0.8,28.96,5.47,3.12,-0.2,undervalued,valuation
2025-07-22,TSLA,35.59,24.73,4.01,4.81,5.39,6.18,8.65,undervalued,valuation
2025-07-22,MSFT,67.64,4.69,0.92,17.47,12.5,1.3,11.24,fair,valuation
2025-07-22,AMZN,45.52,24.96,3.44,12.92,2.66,2.0,2.81,fair,valuation
2025-07-23,AAPL,19.59,1.32,0.88,15.83,10.25,5.19,0.67,undervalued,valuation
2025-07-23,NVDA,72.26,22.89,3.2,5.4,9.94,6.68,4.79,undervalued,valuation
2025-07-23,TSLA,19.63,19.53,4.23,9.35,13.02,7.26,-0.23,undervalued,valuation
2025-07-23,MSFT,64.25,11.79,0.62,43.11,2.28,6.38,4.01,overvalued,valuation
2025-07-23,AMZN,32.11,5.64,1.24,37.3,18.77,7.45,7.38,overvalued,valuation
2025-07-24,AAPL,61.24,17.87,2.82,32.37,15.34,4.2,-1.74,fair,valuation
2025-07-24,NVDA,51.53,7.15,4.38,14.99,3.57,6.72,5.17,undervalued,valuation
2025-07-24,TSLA,40.12,15.45,4.25,4.37,13.65,5.09,5.34,undervalued,valuation
2025-07-24,MSFT,58.45,20.79,3.52,25.55,7.2,7.44,8.18,fair,valuation
2025-07-24,AMZN,5.05,9.42,0.78,39.62,12.8,5.1,8.79,undervalued,valuation
2025-07-25,AAPL,42.51,18.94,2.86,14.26,15.12,2.53,3.44,overvalued,valuation
2025-07-25,NVDA,14.01,14.08,0.83,20.38,6.47,0.21,5.73,overvalued,valuation
2025-07-25,TSLA,34.2,8.74,3.15,39.65,3.07,4.31,2.98,fair,valuation
2025-07-25,MSFT,47.04,24.53,1.64,20.8,3.06,7.84,6.39,undervalued,valuation
2025-07-25,AMZN,79.12,14.05,1.18,43.6,19.64,0.94,9.57,fair,valuation
2025-07-28,AAPL,21.26,19.58,3.08,34.98,7.12,5.17,11.82,fair,valuation
2025-07-28,NVDA,58.69,14.23,2.61,34.24,18.19,0.46,2.35,overvalued,valuation
2025-07-28,TSLA,11.51,19.51,3.64,42.99,16.49,1.61,6.28,undervalued,valuation
2025-07-28,MSFT,79.43,6.65,0.68,35.24,12.16,4.36,3.39,fair,valuation
2025-07-28,AMZN,63.05,14.16,2.87,23.73,11.79,6.74,-0.53,fair,valuation
2025-07-29,AAPL,24.77,14.81,2.69,29.0,2.07,7.8,2.24,fair,valuation
2025-07-29,NVDA,18.44,21.52,0.51,21.33,17.07,3.52,0.98,undervalued,valuation
2025-07-29,TSLA,74.08,15.21,0.63,42.22,5.44,6.2,1.79,overvalued,valuation
2025-07-29,MSFT,65.67,2.63,2.68,15.28,8.1,4.29,-4.71,fair,valuation
2025-07-29,AMZN,55.5,0.82,3.56,30.1,5.35,1.55,0.49,undervalued,valuation
2025-07-30,AAPL,19.49,23.8,4.48,3.35,1.75,6.77,3.7,overvalued,valuation
2025-07-30,NVDA,11.94,6.46,1.48,35.51,5.87,1.98,5.65,overvalued,valuation
2025-07-30,TSLA,67.24,6.59,0.47,5.07,8.79,1.49,4.76,undervalued,valuation
2025-07-30,MSFT,57.65,13.58,2.0,39.38,1.99,3.62,3.43,fair,valuation
2025-07-30,AMZN,43.35,7.9,0.99,32.38,14.28,4.82,11.3,overvalued,valuation
2025-07-31,AAPL,46.03,3.73,2.69,36.92,9.75,0.53,9.95,undervalued,valuation
2025-07-31,NVDA,27.8,5.59,1.79,40.75,12.57,5.63,3.15,overvalued,valuation
2025-07-31,TSLA,28.06,5.15,0.75,35.89,1.54,2.97,-0.59,undervalued,valuation
2025-07-31,MSFT,25.6,18.31,0.59,12.46,2.58,2.4,-3.11,undervalued,valuation
2025-07-31,AMZN,73.26,3.18,2.27,15.74,5.95,6.21,4.23,undervalued,valuation
2025-08-01,AAPL,40.1,16.99,2.05,19.49,14.04,7.94,6.36,overvalued,valuation
2025-08-01,NVDA,26.38,14.23,1.56,15.66,4.24,0.64,1.07,overvalued,valuation
2025-08-01,TSLA,6.38,19.85,2.86,35.13,17.02,4.69,0.72,overvalued,valuation
2025-08-01,MSFT,57.86,14.32,1.98,39.42,4.85,6.94,-2.4,overvalued,valuation
2025-08-01,AMZN,63.55,20.21,2.39,24.25,6.91,5.61,-2.93,fair,valuation
2025-08-04,AAPL,23.62,22.8,4.31,5.53,8.43,6.98,9.72,overvalued,valuation
2025-08-04,NVDA,42.74,1.84,0.78,13.92,6.11,2.32,3.76,undervalued,valuation
2025-08-04,TSLA,73.16,13.95,1.22,33.51,9.85,5.28,-0.64,fair,valuation
2025-08-04,MSFT,7.87,12.26,2.48,5.46,6.42,5.98,-2.52,undervalued,valuation
2025-08-04,AMZN,74.08,6.86,0.44,5.76,19.7,5.2,11.31,overvalued,valuation
2025-08-05,AAPL,27.11,3.05,2.26,29.72,7.44,3.25,3.5,overvalued,valuation
2025-08-05,NVDA,62.88,14.33,1.32,43.49,13.14,1.68,-3.82,fair,valuation
2025-08-05,TSLA,15.09,6.37,0.92,29.69,12.17,2.66,-3.81,undervalued,valuation
2025-08-05,MSFT,35.31,6.44,2.75,22.01,13.05,0.67,3.62,overvalued,valuation
2025-08-05,AMZN,20.67,10.77,3.67,32.33,12.29,5.69,-2.89,undervalued,valuation
2025-08-06,AAPL,20.08,20.79,1.76,41.43,5.56,6.59,1.76,overvalued,valuation
2025-08-06,NVDA,21.68,4.79,1.32,31.42,5.44,7.33,4.34,overvalued,valuation
2025-08-06,TSLA,17.89,7.81,0.96,40.61,10.24,3.73,8.32,undervalued,valuation
2025-08-06,MSFT,52.28,14.53,1.95,17.82,14.1,5.24,5.35,fair,valuation
2025-08-06,AMZN,19.59,7.06,2.96,12.23,7.09,0.29,5.69,overvalued,valuation
2025-08-07,AAPL,29.82,24.31,3.32,36.76,14.29,3.76,-1.92,fair,valuation
2025-08-07,NVDA,36.23,2.29,3.58,15.63,10.88,0.29,0.71,undervalued,valuation
2025-08-07,TSLA,32.83,7.61,2.68,43.82,3.89,0.65,1.78,overvalued,valuation
2025-08-07,MSFT,11.96,13.13,1.16,37.82,13.12,6.13,4.21,fair,valuation
2025-08-07,AMZN,51.82,18.2,1.0,23.02,19.02,6.9,4.5,undervalued,valuation
2025-08-08,AAPL,20.12,10.64,0.65,43.48,16.82,6.64,-0.88,overvalued,valuation
2025-08-08,NVDA,39.24,1.46,1.7,11.27,19.03,1.17,-0.91,fair,valuation
2025-08-08,TSLA,25.95,8.25,4.48,35.32,15.39,1.26,-3.26,fair,valuation
2025-08-08,MSFT,76.11,1.86,3.44,42.9,6.41,1.35,-1.0,overvalued,valuation
2025-08-08,AMZN,24.44,2.33,2.23,23.09,8.16,6.17,7.65,fair,valuation
2025-08-11,AAPL,13.28,8.6,3.4,19.75,15.87,6.44,11.83,overvalued,valuation
2025-08-11,NVDA,20.32,16.78,1.36,12.46,16.49,5.56,3.24,overvalued,valuation
2025-08-11,TSLA,42.2,19.96,3.03,17.99,12.0,6.47,-0.7,undervalued,valuation
2025-08-11,MSFT,79.5,18.66,1.75,20.54,14.86,6.81,-1.52,fair,valuation
2025-08-11,AMZN,48.64,23.7,4.09,34.44,16.62,6.38,4.49,undervalued,valuation
2025-08-12,AAPL,10.39,21.32,1.21,9.31,15.34,1.84,3.47,fair,valuation
2025-08-12,NVDA,30.24,21.18,3.83,20.74,3.43,0.84,1.35,undervalued,valuation
2025-08-12,TSLA,61.04,21.58,4.28,41.78,18.38,5.64,9.4,undervalued,valuation
2025-08-12,MSFT,61.39,9.75,3.95,20.91,8.62,1.27,7.37,overvalued,valuation
2025-08-12,AMZN,57.99,24.75,3.19,26.19,0.96,7.86,7.48,fair,valuation
2025-08-13,AAPL,31.02,1.81,3.31,3.28,4.38,7.83,0.41,overvalued,valuation
2025-08-13,NVDA,63.31,19.85,0.99,35.25,17.86,2.99,-4.73,fair,valuation
2025-08-13,TSLA,40.93,6.45,3.68,28.29,15.14,3.04,-0.38,overvalued,valuation
2025-08-13,MSFT,41.81,13.77,4.23,7.42,7.08,5.8,-2.93,undervalued,valuation
2025-08-13,AMZN,63.92,9.09,3.76,28.4,19.81,3.72,5.99,undervalued,valuation
2025-08-14,AAPL,77.86,8.67,1.4,33.78,19.77,7.13,4.63,fair,valuation
2025-08-14,NVDA,32.36,11.55,2.18,12.49,2.67,6.92,2.91,undervalued,valuation
2025-08-14,TSLA,78.01,7.38,2.02,3.38,14.16,0.47,11.07,fair,valuation
2025-08-14,MSFT,7.91,8.08,0.71,32.32,4.37,1.37,8.66,fair,valuation
2025-08-14,AMZN,10.85,21.51,2.87,25.2,15.08,7.91,-1.79,undervalued,valuation
2025-08-15,AAPL,21.02,2.49,0.73,20.77,5.15,0.62,4.93,fair,valuation
2025-08-15,NVDA,10.16,20.05,3.98,3.62,18.37,4.41,10.98,overvalued,valuation
2025-08-15,TSLA,15.13,21.52,0.65,37.31,5.63,1.7,10.46,undervalued,valuation
2025-08-15,MSFT,20.39,3.04,3.6,7.4,2.82,4.89,9.41,fair,valuation
2025-08-15,AMZN,58.94,21.11,1.11,27.68,13.15,1.37,11.59,fair,valuation
2025-08-18,AAPL,16.61,6.21,2.65,17.11,14.14,6.59,7.85,fair,valuation
2025-08-18,NVDA,74.96,8.4,4.32,22.3,15.38,2.07,7.25,undervalued,valuation
2025-08-18,TSLA,35.17,7.81,2.58,6.6,18.96,5.24,5.53,fair,valuation
2025-08-18,MSFT,64.48,19.87,3.79,21.99,8.4,1.25,-1.55,fair,valuation
2025-08-18,AMZN,8.3,20.76,2.22,29.07,4.29,7.84,0.95,fair,valuation
2025-08-19,AAPL,25.15,2.3,4.04,9.44,19.57,4.91,-3.12,undervalued,valuation
2025-08-19,NVDA,79.46,9.08,2.62,6.36,2.27,5.09,9.9,overvalued,valuation
2025-08-19,TSLA,76.42,5.81,3.68,14.23,14.2,3.7,10.66,fair,valuation
2025-08-19,MSFT,75.73,8.26,1.42,39.29,8.14,6.84,3.93,fair,valuation
2025-08-19,AMZN,12.99,8.73,1.65,12.72,13.93,3.65,-2.84,fair,valuation
2025-08-20,AAPL,39.6,24.98,4.08,29.81,4.09,2.68,-2.63,overvalued,valuation
2025-08-20,NVDA,40.09,10.24,0.48,13.54,9.0,6.16,4.15,undervalued,valuation
2025-08-20,TSLA,47.58,13.08,0.3,32.15,15.28,6.33,-3.64,overvalued,valuation
2025-08-20,MSFT,42.08,13.29,3.39,13.26,2.22,0.85,-4.72,fair,valuation
2025-08-20,AMZN,69.56,1.99,4.14,14.49,10.82,3.44,11.91,overvalued,valuation
2025-08-21,AAPL,39.37,22.02,0.44,34.99,10.51,3.12,-0.32,undervalued,valuation
2025-08-21,NVDA,14.57,19.83,3.61,17.43,7.17,2.49,5.47,undervalued,valuation
2025-08-21,TSLA,23.0,21.84,1.82,18.35,4.84,5.58,1.8,overvalued,valuation
2025-08-21,MSFT,74.27,12.88,3.24,30.94,19.85,4.1,6.23,fair,valuation
2025-08-21,AMZN,20.77,19.67,1.73,14.99,9.71,7.14,3.81,fair,valuation
2025-08-22,AAPL,70.31,9.65,0.92,33.13,16.58,1.29,11.2,overvalued,valuation
2025-08-22,NVDA,75.73,10.7,3.51,40.57,10.71,0.29,10.12,undervalued,valuation
2025-08-22,TSLA,8.61,21.91,2.9,38.74,12.63,5.66,0.95,fair,valuation
2025-08-22,MSFT,55.02,11.42,0.67,18.11,19.72,2.87,1.87,overvalued,valuation
2025-08-22,AMZN,70.49,7.32,2.28,39.36,12.22,4.11,6.09,undervalued,valuation
2025-08-25,AAPL,18.56,5.02,1.45,17.58,12.3,2.03,3.95,overvalued,valuation
2025-08-25,NVDA,9.09,14.49,2.6,10.35,0.52,3.04,9.35,overvalued,valuation
2025-08-25,TSLA,11.8,4.07,1.76,20.65,18.17,4.24,7.26,undervalued,valuation
2025-08-25,MSFT,23.91,9.17,1.67,34.36,16.22,6.88,1.19,overvalued,valuation
2025-08-25,AMZN,22.45,1.65,2.62,13.54,12.75,5.96,4.55,overvalued,valuation
2025-08-26,AAPL,60.35,23.39,1.78,4.25,9.61,7.61,2.68,undervalued,valuation
2025-08-26,NVDA,61.8,7.37,1.02,11.15,19.34,7.05,-1.35,fair,valuation
2025-08-26,TSLA,49.43,1.63,0.77,11.57,18.91,6.65,6.1,undervalued,valuation
2025-08-26,MSFT,8.97,6.27,1.16,24.1,6.97,6.82,5.21,fair,valuation
2025-08-26,AMZN,44.46,10.64,3.22,27.97,11.22,6.61,8.84,fair,valuation
2025-08-27,AAPL,39.82,20.98,4.26,11.79,15.87,4.36,-0.56,undervalued,valuation
2025-08-27,NVDA,55.69,23.83,4.04,24.61,12.5,1.7,4.18,fair,valuation
2025-08-27,TSLA,15.58,1.8,2.14,30.18,7.11,1.22,10.26,overvalued,valuation
2025-08-27,MSFT,18.88,21.21,4.09,33.4,10.43,0.2,-1.67,overvalued,valuation
2025-08-27,AMZN,42.57,0.52,2.47,26.08,5.6,0.39,10.21,overvalued,valuation
2025-08-28,AAPL,78.62,20.91,0.79,19.43,6.41,6.95,-3.97,fair,valuation
2025-08-28,NVDA,47.96,14.66,2.24,41.33,3.9,4.86,-3.65,overvalued,valuation
2025-08-28,TSLA,36.57,13.05,4.33,13.2,8.24,4.99,7.53,undervalued,valuation
2025-08-28,MSFT,43.0,12.47,3.85,36.54,7.92,1.47,1.55,fair,valuation
2025-08-28,AMZN,49.17,19.45,2.18,41.67,6.2,6.7,4.48,overvalued,valuation
2025-08-29,AAPL,72.23,17.68,0.93,13.42,2.65,3.98,5.57,undervalued,valuation
2025-08-29,NVDA,12.9,21.98,2.54,44.94,10.92,3.39,-3.44,fair,valuation
2025-08-29,TSLA,27.89,4.9,2.87,38.21,4.53,0.32,11.7,undervalued,valuation
2025-08-29,MSFT,13.19,14.3,2.65,32.17,0.67,1.69,-0.71,overvalued,valuation
2025-08-29,AMZN,22.3,18.9,4.38,20.22,17.84,0.74,-3.15,undervalued,valuation
2025-09-01,AAPL,15.9,5.51,0.45,40.61,3.91,0.48,4.52,undervalued,valuation
2025-09-01,NVDA,6.69,20.16,4.14,11.68,2.69,1.4,3.17,overvalued,valuation
2025-09-01,TSLA,15.11,20.85,1.53,17.83,18.87,6.43,10.62,overvalued,valuation
2025-09-01,MSFT,8.05,18.12,2.62,43.89,7.18,1.75,0.04,overvalued,valuation
2025-09-01,AMZN,20.1,5.37,1.44,41.94,11.12,6.43,2.41,fair,valuation
2025-09-02,AAPL,43.03,17.07,0.63,38.88,19.25,1.76,-2.18,fair,valuation
2025-09-02,NVDA,66.06,13.05,2.27,20.7,4.89,6.54,1.02,fair,valuation
2025-09-02,TSLA,44.87,8.1,4.38,32.51,1.71,6.79,4.07,fair,valuation
2025-09-02,MSFT,33.06,11.03,0.53,25.42,4.56,5.83,0.74,fair,valuation
2025-09-02,AMZN,78.82,24.23,1.18,24.99,7.96,6.25,-3.17,overvalued,valuation
2025-09-03,AAPL,24.87,9.2,2.19,5.27,19.02,6.37,-0.28,fair,valuation
2025-09-03,NVDA,54.96,16.48,2.23,29.56,17.66,0.44,5.55,undervalued,valuation
2025-09-03,TSLA,63.82,3.94,2.74,13.96,2.54,1.34,9.63,undervalued,valuation
2025-09-03,MSFT,53.7,5.97,1.45,4.87,17.89,1.15,0.3,undervalued,valuation
2025-09-03,AMZN,76.75,21.64,4.42,12.88,6.29,3.11,2.68,undervalued,valuation
2025-09-04,AAPL,7.93,19.33,3.34,20.22,1.09,3.31,8.48,overvalued,valuation
2025-09-04,NVDA,57.0,2.24,0.84,43.0,19.15,4.97,4.54,fair,valuation
2025-09-04,TSLA,73.46,16.91,1.82,38.31,5.51,1.74,-2.19,undervalued,valuation
2025-09-04,MSFT,69.91,19.14,2.14,38.57,6.97,5.08,3.1,fair,valuation
2025-09-04,AMZN,20.89,15.53,1.14,34.3,12.43,6.27,4.96,overvalued,valuation
2025-09-05,AAPL,62.39,24.93,0.31,35.55,7.07,3.64,5.41,undervalued,valuation
2025-09-05,NVDA,32.06,23.87,3.22,21.12,9.77,7.76,-3.78,undervalued,valuation
2025-09-05,TSLA,34.77,19.54,3.53,14.86,2.24,5.33,2.98,fair,valuation
2025-09-05,MSFT,21.03,10.28,4.42,43.27,6.78,4.1,7.39,fair,valuation
2025-09-05,AMZN,62.73,10.07,3.07,41.4,0.56,6.95,-2.33,overvalued,valuation
2025-09-08,AAPL,59.75,18.36,2.21,10.62,10.24,4.83,-3.88,overvalued,valuation
2025-09-08,NVDA,59.42,21.9,3.43,28.38,16.25,2.93,2.57,overvalued,valuation
2025-09-08,TSLA,37.04,22.48,2.74,7.71,6.16,7.41,-1.23,fair,valuation
2025-09-08,MSFT,79.54,23.81,0.59,10.67,9.22,6.85,2.75,undervalued,valuation
2025-09-08,AMZN,36.61,23.14,2.67,25.35,8.48,3.07,8.87,fair,valuation
2025-09-09,AAPL,50.76,22.86,3.72,12.71,9.47,7.36,6.49,overvalued,valuation
2025-09-09,NVDA,79.68,18.32,3.26,36.45,13.42,0.46,12.0,undervalued,valuation
2025-09-09,TSLA,59.6,15.12,3.44,29.99,4.18,7.42,-4.65,undervalued,valuation
2025-09-09,MSFT,26.99,17.58,2.81,29.59,11.92,4.37,-2.93,overvalued,valuation
2025-09-09,AMZN,60.45,19.27,0.41,22.42,5.33,6.37,9.86,fair,valuation
2025-09-10,AAPL,22.25,14.28,1.38,4.98,12.11,3.97,8.81,undervalued,valuation
2025-09-10,NVDA,75.09,3.03,2.79,36.4,9.68,2.71,-0.82,overvalued,valuation
2025-09-10,TSLA,5.63,20.42,1.17,10.98,15.53,1.34,-0.27,overvalued,valuation
2025-09-10,MSFT,46.75,8.84,1.67,11.19,9.17,6.23,9.51,overvalued,valuation
2025-09-10,AMZN,55.85,5.14,0.8,4.43,11.82,5.2,11.82,undervalued,valuation
2025-09-11,AAPL,70.63,4.11,2.22,33.0,4.63,1.4,11.33,overvalued,valuation
2025-09-11,NVDA,16.47,11.29,0.37,8.76,0.85,0.25,7.63,fair,valuation
2025-09-11,TSLA,14.13,15.74,3.09,44.92,2.79,6.19,-2.45,undervalued,valuation
2025-09-11,MSFT,66.76,8.22,2.3,22.2,19.93,0.67,3.29,overvalued,valuation
2025-09-11,AMZN,71.69,22.47,0.78,27.66,10.87,3.05,4.56,fair,valuation
2025-09-12,AAPL,12.92,9.31,3.75,12.67,1.52,0.28,-0.88,fair,valuation
2025-09-12,NVDA,12.48,5.81,4.46,11.68,3.33,0.29,-2.44,fair,valuation
2025-09-12,TSLA,38.75,21.37,4.46,7.34,13.91,3.18,10.83,fair,valuation
2025-09-12,MSFT,6.92,16.46,4.26,13.48,9.46,1.43,-0.89,undervalued,valuation
2025-09-12,AMZN,30.7,16.44,0.53,8.93,3.43,1.28,11.01,overvalued,valuation
2025-09-15,AAPL,39.2,21.17,1.22,44.06,16.66,5.89,5.65,fair,valuation
2025-09-15,NVDA,71.89,16.81,2.56,16.57,18.13,1.36,7.81,undervalued,valuation
2025-09-15,TSLA,53.67,12.59,3.14,37.15,17.62,4.51,3.6,fair,valuation
2025-09-15,MSFT,27.4,22.13,3.39,34.98,5.15,3.12,1.08,fair,valuation
2025-09-15,AMZN,38.83,2.7,0.41,34.3,0.63,0.12,10.07,fair,valuation
2025-09-16,AAPL,51.26,6.5,1.11,41.67,4.38,5.14,1.61,fair,valuation
2025-09-16,NVDA,64.76,12.97,4.19,4.78,11.14,7.93,4.26,undervalued,valuation
2025-09-16,TSLA,50.81,24.41,0.54,27.47,18.68,6.62,6.46,overvalued,valuation
2025-09-16,MSFT,28.96,20.45,0.54,28.36,6.83,6.21,-3.55,undervalued,valuation
2025-09-16,AMZN,39.9,17.18,3.91,16.15,11.06,0.48,11.86,fair,valuation
2025-09-17,AAPL,41.23,15.35,2.26,25.11,15.08,7.18,-0.84,overvalued,valuation
2025-09-17,NVDA,63.87,16.08,0.71,11.12,11.08,2.86,5.15,undervalued,valuation
2025-09-17,TSLA,53.61,16.36,3.81,44.35,13.57,2.22,-1.81,undervalued,valuation
2025-09-17,MSFT,69.49,12.71,1.14,42.42,19.26,2.29,9.25,fair,valuation
2025-09-17,AMZN,65.53,9.23,3.55,41.32,14.51,2.84,11.41,fair,valuation
2025-09-18,AAPL,79.69,24.99,2.95,41.15,6.73,3.38,7.48,fair,valuation
2025-09-18,NVDA,45.89,24.21,2.28,17.39,10.66,4.31,-2.54,fair,valuation
2025-09-18,TSLA,64.02,8.01,2.62,28.83,10.47,0.93,-3.89,overvalued,valuation
2025-09-18,MSFT,15.95,7.88,1.95,25.5,19.55,3.02,-4.9,undervalued,valuation
2025-09-18,AMZN,42.93,3.73,3.27,29.96,8.94,0.38,7.02,fair,valuation
2025-09-19,AAPL,61.75,2.65,0.63,8.78,14.27,7.13,-2.42,undervalued,valuation
2025-09-19,NVDA,20.12,13.78,3.77,7.15,12.53,0.27,6.75,undervalued,valuation
2025-09-19,TSLA,59.29,16.28,0.53,20.19,11.58,1.59,-3.78,overvalued,valuation
2025-09-19,MSFT,55.53,20.77,0.89,33.52,8.3,6.15,1.44,undervalued,valuation
2025-09-19,AMZN,38.67,21.7,1.29,35.04,6.75,0.08,7.16,undervalued,valuation
2025-09-22,AAPL,72.76,19.52,3.14,28.7,9.37,2.09,8.99,undervalued,valuation
2025-09-22,NVDA,68.15,5.25,4.16,9.52,16.83,1.06,-2.44,overvalued,valuation
2025-09-22,TSLA,76.21,4.73,3.72,26.6,2.93,1.63,5.77,overvalued,valuation
2025-09-22,MSFT,12.54,5.52,4.19,24.33,13.51,4.19,2.36,overvalued,valuation
2025-09-22,AMZN,61.37,12.59,4.26,31.46,10.75,0.92,-3.62,undervalued,valuation
2025-09-23,AAPL,49.2,10.1,1.25,26.71,2.82,1.55,0.35,fair,valuation
2025-09-23,NVDA,22.05,12.37,4.09,24.44,7.37,0.27,10.5,undervalued,valuation
2025-09-23,TSLA,30.48,17.29,0.86,42.32,8.86,2.37,-1.51,overvalued,valuation
2025-09-23,MSFT,76.45,9.98,2.08,28.13,16.63,4.35,7.91,overvalued,valuation
2025-09-23,AMZN,55.09,24.65,3.54,27.81,11.35,3.34,0.15,overvalued,valuation
2025-09-24,AAPL,51.45,16.67,4.38,39.83,17.35,5.55,5.53,overvalued,valuation
2025-09-24,NVDA,32.77,10.07,3.69,33.42,14.63,5.04,10.47,undervalued,valuation
2025-09-24,TSLA,25.58,19.03,3.7,34.74,18.96,3.6,11.26,overvalued,valuation
2025-09-24,MSFT,15.7,23.88,1.61,44.93,12.02,3.33,8.5,overvalued,valuation
2025-09-24,AMZN,51.97,11.41,3.27,41.86,18.6,3.89,9.57,overvalued,valuation
2025-09-25,AAPL,67.56,21.47,2.37,34.93,14.71,3.54,6.95,fair,valuation
2025-09-25,NVDA,73.92,5.51,4.26,4.47,11.25,4.94,-4.06,undervalued,valuation
2025-09-25,TSLA,29.04,5.64,2.47,7.4,12.68,1.29,2.55,fair,valuation
2025-09-25,MSFT,63.87,6.25,0.35,34.26,8.34,4.44,7.44,undervalued,valuation
2025-09-25,AMZN,76.07,10.65,4.48,15.67,11.68,4.31,-0.53,undervalued,valuation
2025-09-26,AAPL,50.72,9.9,2.21,28.37,6.41,1.18,7.81,undervalued,valuation
2025-09-26,NVDA,49.24,12.4,2.11,32.9,5.67,2.36,5.78,overvalued,valuation
2025-09-26,TSLA,39.78,14.14,4.13,33.08,7.31,4.76,3.0,fair,valuation
2025-09-26,MSFT,25.0,18.94,0.55,19.77,2.52,1.92,5.72,fair,valuation
2025-09-26,AMZN,15.96,1.63,1.27,8.58,17.3,7.44,-2.71,overvalued,valuation
2025-09-29,AAPL,49.08,19.21,3.03,4.04,9.87,2.08,-3.62,fair,valuation
2025-09-29,NVDA,14.52,6.83,4.24,10.25,5.64,3.19,-2.5,overvalued,valuation
2025-09-29,TSLA,22.36,11.89,3.83,3.46,7.66,1.5,7.84,fair,valuation
2025-09-29,MSFT,78.9,14.12,2.14,44.0,11.56,5.97,-1.23,overvalued,valuation
2025-09-29,AMZN,35.86,21.67,3.11,5.64,16.37,1.43,10.96,fair,valuation
2025-09-30,AAPL,73.81,18.2,2.78,26.41,5.38,5.15,-3.74,fair,valuation
2025-09-30,NVDA,46.0,4.01,1.44,26.72,10.26,2.76,4.91,undervalued,valuation
2025-09-30,TSLA,19.36,18.74,1.45,44.81,5.22,6.92,7.73,fair,valuation
2025-09-30,MSFT,17.66,20.68,4.07,29.44,13.57,5.74,3.65,undervalued,valuation
2025-09-30,AMZN,27.63,10.58,3.27,21.51,7.62,7.74,9.56,overvalued,valuation
2025-10-01,AAPL,66.83,18.5,3.07,38.16,11.64,5.64,-4.68,fair,valuation
2025-10-01,NVDA,36.32,10.46,2.28,28.02,1.17,4.99,8.61,overvalued,valuation
2025-10-01,TSLA,30.96,13.1,3.97,21.98,7.53,2.19,2.39,overvalued,valuation
2025-10-01,MSFT,52.25,16.16,1.84,13.0,18.34,6.58,2.97,undervalued,valuation
2025-10-01,AMZN,66.26,16.83,3.08,8.16,5.03,3.78,9.39,undervalued,valuation
2025-10-02,AAPL,59.11,18.04,4.03,19.52,5.58,0.7,-0.39,undervalued,valuation
2025-10-02,NVDA,61.73,21.34,2.99,26.02,5.0,0.98,-1.79,fair,valuation
2025-10-02,TSLA,54.03,1.47,4.07,31.23,2.05,3.2,-3.56,overvalued,valuation
2025-10-02,MSFT,25.44,17.64,1.72,42.33,16.89,0.84,11.29,undervalued,valuation
2025-10-02,AMZN,66.7,5.78,1.57,11.41,6.39,4.95,3.11,overvalued,valuation
2025-10-03,AAPL,21.74,24.04,1.49,40.97,10.42,0.61,-0.76,fair,valuation
2025-10-03,NVDA,50.54,12.29,0.51,12.17,12.98,5.42,8.76,undervalued,valuation
2025-10-03,TSLA,58.13,3.5,3.52,23.14,15.67,4.57,5.92,fair,valuation
2025-10-03,MSFT,72.99,7.7,1.41,19.46,16.33,4.31,3.1,fair,valuation
2025-10-03,AMZN,20.34,21.89,1.09,11.5,7.27,6.44,8.13,fair,valuation
2025-10-06,AAPL,44.29,11.47,1.84,9.11,14.67,1.38,-2.62,overvalued,valuation
2025-10-06,NVDA,29.92,16.33,0.33,14.3,7.44,0.92,-2.08,undervalued,valuation
2025-10-06,TSLA,60.26,23.85,2.92,15.56,17.74,3.29,-3.97,undervalued,valuation
2025-10-06,MSFT,42.0,18.94,3.63,43.01,13.12,1.69,0.37,undervalued,valuation
2025-10-06,AMZN,42.49,18.42,3.62,24.5,10.42,6.76,3.91,undervalued,valuation
2025-10-07,AAPL,36.44,8.02,0.81,22.1,2.47,1.88,2.1,overvalued,valuation
2025-10-07,NVDA,32.37,2.51,2.38,36.18,2.05,3.56,-4.68,undervalued,valuation
2025-10-07,TSLA,49.64,9.9,3.73,23.0,5.67,5.25,-3.72,fair,valuation
2025-10-07,MSFT,71.41,1.55,3.9,8.74,17.74,0.53,6.6,overvalued,valuation
2025-10-07,AMZN,67.85,5.57,3.71,31.85,16.04,5.55,-0.66,overvalued,valuation
2025-10-08,AAPL,57.61,21.1,0.68,37.02,11.83,4.51,0.53,undervalued,valuation
2025-10-08,NVDA,74.58,10.06,0.83,14.57,2.04,2.12,6.52,fair,valuation
2025-10-08,TSLA,27.88,19.31,0.52,25.83,8.46,0.52,4.33,undervalued,valuation
2025-10-08,MSFT,55.35,17.09,3.98,31.53,12.7,2.33,6.84,fair,valuation
2025-10-08,AMZN,46.33,12.99,2.51,4.2,5.35,0.94,8.78,overvalued,valuation
2025-10-09,AAPL,28.86,14.18,3.89,31.04,18.19,4.06,8.34,overvalued,valuation
2025-10-09,NVDA,38.08,0.69,1.67,5.77,3.82,5.03,5.19,undervalued,valuation
2025-10-09,TSLA,66.04,16.22,0.4,40.18,14.27,1.14,4.2,undervalued,valuation
2025-10-09,MSFT,54.69,9.18,0.94,22.31,3.49,3.68,-1.02,fair,valuation
2025-10-09,AMZN,24.28,18.46,0.62,36.19,5.82,3.59,1.81,undervalued,valuation
2025-10-10,AAPL,21.47,14.67,4.01,42.2,10.46,2.97,11.17,undervalued,valuation
2025-10-10,NVDA,77.14,6.07,3.24,9.97,9.29,6.36,6.45,fair,valuation
2025-10-10,TSLA,23.73,14.5,1.53,29.29,15.98,4.58,10.82,overvalued,valuation
2025-10-10,MSFT,51.53,15.87,3.48,13.77,1.35,6.27,0.18,overvalued,valuation
2025-10-10,AMZN,36.53,11.79,2.28,5.89,16.17,5.18,1.12,fair,valuation
2025-10-13,AAPL,45.43,24.18,2.28,11.6,11.8,3.13,8.44,overvalued,valuation
2025-10-13,NVDA,55.33,7.36,1.04,15.5,17.96,2.55,1.47,fair,valuation
2025-10-13,TSLA,55.75,2.16,1.74,17.53,5.34,1.99,4.93,undervalued,valuation
2025-10-13,MSFT,52.05,8.82,3.58,39.67,10.7,7.7,-0.8,fair,valuation
2025-10-13,AMZN,79.49,11.83,4.11,43.99,5.46,0.36,10.52,undervalued,valuation
2025-10-14,AAPL,19.75,18.72,0.48,8.97,13.33,3.32,3.43,fair,valuation
2025-10-14,NVDA,10.54,24.64,1.73,18.24,15.33,2.73,1.56,fair,valuation
2025-10-14,TSLA,17.27,17.48,4.01,32.63,8.92,4.85,2.16,fair,valuation
2025-10-14,MSFT,42.49,20.98,2.19,5.79,4.12,5.07,-2.11,overvalued,valuation
2025-10-14,AMZN,36.42,2.84,3.52,28.32,15.23,0.42,0.12,overvalued,valuation
2025-10-15,AAPL,67.19,4.41,3.86,15.31,5.73,5.31,-4.06,undervalued,valuation
2025-10-15,NVDA,21.76,10.06,0.67,12.78,5.62,5.18,2.3,fair,valuation
2025-10-15,TSLA,14.07,11.19,2.82,13.44,12.19,7.06,0.95,fair,valuation
2025-10-15,MSFT,65.78,16.81,2.33,18.66,10.3,2.64,-4.62,undervalued,valuation
2025-10-15,AMZN,57.79,15.67,3.42,13.86,19.95,3.62,-4.0,overvalued,valuation
2025-10-16,AAPL,77.35,16.11,4.06,12.68,11.73,6.07,-3.35,fair,valuation
2025-10-16,NVDA,61.64,20.03,1.24,29.51,0.62,0.46,1.43,undervalued,valuation
2025-10-16,TSLA,7.86,13.25,2.82,29.74,16.89,1.91,6.64,overvalued,valuation
2025-10-16,MSFT,47.56,2.56,1.28,18.35,4.84,6.95,7.45,undervalued,valuation
2025-10-16,AMZN,15.34,3.16,4.0,6.85,3.46,5.19,1.04,fair,valuation
2025-10-17,AAPL,33.64,6.13,2.09,13.56,4.6,5.3,1.42,fair,valuation
2025-10-17,NVDA,77.87,12.32,3.13,17.01,3.43,3.36,10.51,overvalued,valuation
2025-10-17,TSLA,60.96,8.98,2.18,32.44,3.49,7.13,11.32,undervalued,valuation
2025-10-17,MSFT,13.77,16.78,2.41,24.81,16.08,6.68,-1.72,fair,valuation
2025-10-17,AMZN,36.49,19.89,2.75,23.64,7.49,0.1,5.44,fair,valuation
2025-10-20,AAPL,64.81,2.0,1.2,40.41,7.1,2.51,0.93,fair,valuation
2025-10-20,NVDA,28.18,14.9,2.14,34.42,6.05,1.97,-4.29,overvalued,valuation
2025-10-20,TSLA,34.7,0.52,3.82,23.03,2.71,5.43,3.43,overvalued,valuation
2025-10-20,MSFT,35.25,10.64,0.65,17.68,18.29,4.13,-1.61,fair,valuation
2025-10-20,AMZN,53.83,20.03,0.42,9.61,5.53,1.06,-0.76,fair,valuation
2025-10-21,AAPL,5.82,3.62,3.87,22.8,18.4,6.97,-3.97,fair,valuation
2025-10-21,NVDA,51.2,9.41,1.62,17.21,3.2,3.13,8.13,fair,valuation
2025-10-21,TSLA,30.22,23.95,1.59,33.25,9.84,6.19,3.75,overvalued,valuation
2025-10-21,MSFT,24.12,22.32,3.83,35.08,15.96,5.8,-4.99,fair,valuation
2025-10-21,AMZN,68.43,21.73,0.8,6.38,3.91,7.25,10.05,fair,valuation
2025-10-22,AAPL,49.86,16.92,2.41,36.67,7.7,4.3,4.86,overvalued,valuation
2025-10-22,NVDA,19.27,18.76,3.39,20.19,19.81,5.36,8.4,undervalued,valuation
2025-10-22,TSLA,52.95,5.09,2.71,32.2,11.91,4.6,6.47,undervalued,valuation
2025-10-22,MSFT,24.06,13.23,1.32,32.63,5.07,0.65,9.42,overvalued,valuation
2025-10-22,AMZN,51.27,17.03,2.74,11.99,4.87,1.99,0.41,fair,valuation
2025-10-23,AAPL,10.87,8.02,2.84,25.46,2.5,4.07,-0.24,fair,valuation
2025-10-23,NVDA,38.01,18.13,1.22,5.95,5.15,7.47,3.59,overvalued,valuation
2025-10-23,TSLA,32.61,24.02,3.21,8.03,1.28,0.02,2.86,overvalued,valuation
2025-10-23,MSFT,53.64,24.72,0.61,16.08,10.58,0.7,-4.08,overvalued,valuation
2025-10-23,AMZN,74.17,5.87,0.36,15.41,3.1,7.21,-0.39,undervalued,valuation
2025-10-24,AAPL,54.57,19.17,2.16,40.67,5.79,0.08,-3.62,overvalued,valuation
2025-10-24,NVDA,54.8,21.62,4.49,39.26,17.55,6.56,4.38,overvalued,valuation
2025-10-24,TSLA,77.85,23.78,1.68,11.54,8.86,6.65,7.21,overvalued,valuation
2025-10-24,MSFT,18.2,16.84,1.6,14.3,6.53,5.31,7.43,undervalued,valuation
2025-10-24,AMZN,38.22,10.29,3.22,17.75,19.71,4.59,2.56,undervalued,valuation
2025-10-27,AAPL,18.24,3.01,1.68,19.31,3.66,0.0,8.77,undervalued,valuation
2025-10-27,NVDA,59.51,4.13,2.63,24.49,11.93,0.67,7.62,undervalued,valuation
2025-10-27,TSLA,12.51,10.42,0.74,32.06,18.45,0.42,0.37,fair,valuation
2025-10-27,MSFT,7.44,14.78,1.87,15.43,13.25,2.33,2.63,fair,valuation
2025-10-27,AMZN,17.77,15.04,1.4,29.7,14.93,7.83,0.73,overvalued,valuation
2025-10-28,AAPL,26.01,3.09,1.69,40.47,8.77,2.42,-4.41,undervalued,valuation
2025-10-28,NVDA,62.43,2.98,4.43,19.12,0.81,3.03,3.94,fair,valuation
2025-10-28,TSLA,40.0,12.64,3.32,44.36,18.72,3.44,-4.63,undervalued,valuation
2025-10-28,MSFT,35.59,6.03,3.33,27.53,7.59,1.31,7.36,undervalued,valuation
2025-10-28,AMZN,58.01,9.85,1.92,36.55,5.46,4.85,4.7,fair,valuation
2025-10-29,AAPL,45.74,3.86,0.58,39.93,0.55,2.99,-1.83,overvalued,valuation
2025-10-29,NVDA,61.43,24.9,4.28,36.24,17.87,1.16,6.85,undervalued,valuation
2025-10-29,TSLA,53.1,22.75,1.22,12.18,9.2,4.52,-0.6,overvalued,valuation
2025-10-29,MSFT,26.1,22.4,2.28,44.12,1.28,3.72,4.13,undervalued,valuation
2025-10-29,AMZN,61.77,14.82,4.49,41.66,7.28,2.06,3.2,undervalued,valuation
2025-10-30,AAPL,25.78,7.14,3.73,22.98,9.23,7.03,3.25,overvalued,valuation
2025-10-30,NVDA,54.77,8.86,1.07,4.19,12.34,0.82,-2.65,fair,valuation
2025-10-30,TSLA,46.41,12.06,4.15,7.78,6.45,7.97,0.18,fair,valuation
2025-10-30,MSFT,38.21,12.77,3.1,26.59,14.05,4.35,-1.65,undervalued,valuation
2025-10-30,AMZN,77.98,18.83,0.82,5.96,2.68,6.08,0.99,overvalued,valuation
2025-10-31,AAPL,33.33,11.61,2.75,20.44,17.56,3.88,1.15,undervalued,valuation
2025-10-31,NVDA,41.97,12.17,3.11,25.77,10.13,7.87,-2.19,overvalued,valuation
2025-10-31,TSLA,61.47,24.05,4.23,37.93,1.71,1.31,3.35,fair,valuation
2025-10-31,MSFT,70.59,24.96,3.75,29.26,7.3,7.37,-4.93,overvalued,valuation
2025-10-31,AMZN,17.33,1.99,2.03,27.84,13.49,5.66,1.99,undervalued,valuation
2025-11-03,AAPL,37.14,3.88,1.41,13.01,6.29,1.54,-0.12,undervalued,valuation
2025-11-03,NVDA,9.33,16.86,3.07,43.81,18.59,7.66,5.32,fair,valuation
2025-11-03,TSLA,53.1,12.68,2.2,15.29,2.81,7.73,-2.92,fair,valuation
2025-11-03,MSFT,46.2,16.04,2.93,36.77,12.95,6.24,8.47,fair,valuation
2025-11-03,AMZN,50.82,24.12,2.86,30.3,11.61,0.28,7.34,overvalued,valuation
2025-11-04,AAPL,22.63,9.52,1.07,39.86,14.72,1.18,-0.51,overvalued,valuation
2025-11-04,NVDA,75.02,8.83,4.32,16.52,14.65,1.87,8.9,overvalued,valuation
2025-11-04,TSLA,37.92,3.53,2.57,13.86,19.72,1.97,-0.48,undervalued,valuation
2025-11-04,MSFT,19.4,6.08,0.88,13.85,16.05,1.12,-2.63,fair,valuation
2025-11-04,AMZN,6.35,3.76,3.61,30.75,18.3,4.31,1.03,undervalued,valuation
2025-11-05,AAPL,40.64,18.4,2.03,37.75,8.34,4.13,1.55,fair,valuation
2025-11-05,NVDA,55.09,19.62,0.73,19.8,5.55,4.98,0.19,overvalued,valuation
2025-11-05,TSLA,27.46,6.22,0.68,27.47,1.73,6.39,-1.03,fair,valuation
2025-11-05,MSFT,57.12,4.25,0.88,12.81,11.04,6.88,8.13,fair,valuation
2025-11-05,AMZN,70.12,2.52,4.49,13.25,2.16,3.43,3.98,overvalued,valuation
2025-11-06,AAPL,17.06,7.77,1.72,11.68,10.12,4.83,10.87,fair,valuation
2025-11-06,NVDA,27.05,23.95,2.16,16.19,13.5,6.84,6.1,fair,valuation
2025-11-06,TSLA,43.45,8.94,1.86,44.04,12.98,5.01,-1.81,overvalued,valuation
2025-11-06,MSFT,72.1,13.8,4.26,16.99,19.5,0.12,9.6,overvalued,valuation
2025-11-06,AMZN,74.09,12.46,2.13,32.32,8.41,6.41,10.72,fair,valuation
2025-11-07,AAPL,59.53,14.94,2.77,17.33,13.21,0.05,0.59,overvalued,valuation
2025-11-07,NVDA,11.81,9.92,1.98,41.64,6.49,6.85,-1.48,fair,valuation
2025-11-07,TSLA,65.24,20.03,0.51,17.99,8.17,3.73,2.11,overvalued,valuation
2025-11-07,MSFT,55.88,2.77,2.73,39.88,11.08,7.1,4.38,undervalued,valuation
2025-11-07,AMZN,20.99,9.99,2.83,12.5,5.35,7.61,3.35,fair,valuation
2025-11-10,AAPL,33.51,24.33,2.53,4.42,18.81,2.78,-1.69,undervalued,valuation
2025-11-10,NVDA,30.56,12.48,1.54,20.88,17.26,5.81,0.85,fair,valuation
2025-11-10,TSLA,58.59,5.57,3.18,44.49,9.14,6.75,-1.61,undervalued,valuation
2025-11-10,MSFT,36.65,21.88,3.09,19.91,2.76,3.92,11.14,undervalued,valuation
2025-11-10,AMZN,33.38,22.8,1.34,38.14,3.9,1.59,1.27,undervalued,valuation
2025-11-11,AAPL,13.3,6.66,1.38,11.15,1.06,5.58,1.86,fair,valuation
2025-11-11,NVDA,20.06,12.03,2.62,12.85,19.26,4.65,2.87,fair,valuation
2025-11-11,TSLA,39.22,19.21,1.31,11.6,11.35,7.99,-0.89,undervalued,valuation
2025-11-11,MSFT,45.21,15.46,0.52,7.01,19.64,2.42,-2.82,fair,valuation
2025-11-11,AMZN,58.49,13.27,2.9,41.17,3.66,4.17,-0.07,overvalued,valuation
2025-11-12,AAPL,66.19,0.78,2.1,16.89,18.79,6.47,-0.34,overvalued,valuation
2025-11-12,NVDA,33.32,2.42,2.31,28.59,11.92,1.6,4.17,overvalued,valuation
2025-11-12,TSLA,38.51,9.65,3.78,11.3,15.49,6.85,-3.27,overvalued,valuation
2025-11-12,MSFT,53.0,9.09,3.01,21.6,8.09,6.54,9.4,undervalued,valuation
2025-11-12,AMZN,18.46,5.3,2.84,22.32,14.7,5.19,0.64,fair,valuation
2025-11-13,AAPL,76.95,7.37,3.27,16.94,15.24,1.58,2.14,overvalued,valuation
2025-11-13,NVDA,60.22,18.28,0.36,24.38,19.26,3.66,3.2,overvalued,valuation
2025-11-13,TSLA,61.41,15.02,4.31,41.83,16.96,4.06,-0.54,overvalued,valuation
2025-11-13,MSFT,78.56,9.1,4.2,44.45,11.26,4.28,2.75,overvalued,valuation
2025-11-13,AMZN,58.78,23.13,3.2,32.28,18.29,4.6,-3.16,fair,valuation
2025-11-14,AAPL,68.62,2.54,4.46,33.41,5.47,2.81,4.33,undervalued,valuation
2025-11-14,NVDA,43.04,9.73,1.08,33.1,14.08,6.08,-0.28,fair,valuation
2025-11-14,TSLA,70.02,17.47,2.35,4.43,16.78,0.49,-1.89,overvalued,valuation
2025-11-14,MSFT,42.88,24.74,2.38,18.5,19.89,7.8,-2.41,fair,valuation
2025-11-14,AMZN,76.55,4.92,0.99,10.81,4.25,2.53,7.17,undervalued,valuation
2025-11-17,AAPL,35.57,18.24,3.0,21.35,3.73,2.88,8.13,undervalued,valuation
2025-11-17,NVDA,65.68,15.25,3.22,25.09,13.09,4.63,-4.96,fair,valuation
2025-11-17,TSLA,14.84,4.45,2.43,44.32,8.97,5.98,6.21,undervalued,valuation
2025-11-17,MSFT,67.57,1.11,2.86,25.89,16.23,5.26,-3.37,undervalued,valuation
2025-11-17,AMZN,54.72,9.44,0.5,43.41,5.04,2.55,-3.8,fair,valuation
2025-11-18,AAPL,51.4,10.15,0.46,21.52,17.23,3.37,9.83,overvalued,valuation
2025-11-18,NVDA,35.27,4.27,4.1,43.0,12.68,0.81,7.26,undervalued,valuation
2025-11-18,TSLA,17.54,10.09,2.97,4.15,1.05,0.04,6.44,overvalued,valuation
2025-11-18,MSFT,43.86,8.71,1.72,14.69,10.4,3.19,2.08,fair,valuation
2025-11-18,AMZN,18.34,8.27,1.44,25.52,4.07,7.3,11.54,fair,valuation
2025-11-19,AAPL,48.75,19.36,3.7,21.65,13.87,4.05,6.09,undervalued,valuation
2025-11-19,NVDA,9.02,8.4,3.49,41.78,11.02,5.51,-0.81,fair,valuation
2025-11-19,TSLA,38.64,11.04,4.47,31.25,13.92,1.76,6.31,overvalued,valuation
2025-11-19,MSFT,31.39,5.43,0.84,3.16,19.39,2.29,3.13,overvalued,valuation
2025-11-19,AMZN,8.51,16.55,3.72,27.78,2.84,1.96,1.1,overvalued,valuation
2025-11-20,AAPL,39.69,3.61,3.25,33.88,16.25,6.57,8.67,fair,valuation
2025-11-20,NVDA,24.44,3.25,4.01,10.08,8.07,2.19,-2.99,overvalued,valuation
2025-11-20,TSLA,44.35,11.13,1.35,38.93,1.97,6.71,-0.81,fair,valuation
2025-11-20,MSFT,79.73,14.28,2.3,21.85,18.03,7.41,-4.51,overvalued,valuation
2025-11-20,AMZN,74.81,1.16,3.08,20.93,4.65,5.84,8.36,overvalued,valuation
2025-11-21,AAPL,34.84,17.68,4.03,27.73,4.73,5.78,1.87,undervalued,valuation
2025-11-21,NVDA,6.04,3.08,2.82,37.37,17.5,3.02,5.98,undervalued,valuation
2025-11-21,TSLA,65.69,22.53,1.02,17.96,15.35,4.56,2.11,fair,valuation
2025-11-21,MSFT,16.41,6.05,2.58,25.71,6.17,0.81,3.33,fair,valuation
2025-11-21,AMZN,35.89,1.51,3.42,31.41,5.67,2.54,5.5,fair,valuation
2025-11-24,AAPL,22.74,6.52,2.38,25.61,2.18,4.21,5.34,fair,valuation
2025-11-24,NVDA,54.74,24.23,1.07,24.32,18.76,7.38,-4.45,undervalued,valuation
2025-11-24,TSLA,66.82,0.73,0.97,22.47,3.39,4.77,9.44,overvalued,valuation
2025-11-24,MSFT,33.77,8.63,1.16,27.02,9.14,1.7,10.5,undervalued,valuation
2025-11-24,AMZN,69.42,3.37,2.28,16.34,1.02,2.98,0.19,undervalued,valuation
2025-11-25,AAPL,48.73,11.47,1.92,36.77,10.14,6.47,6.7,fair,valuation
2025-11-25,NVDA,50.48,5.94,1.96,36.63,18.79,4.88,1.63,fair,valuation
2025-11-25,TSLA,17.99,18.44,1.42,6.73,8.3,2.01,-0.87,overvalued,valuation
2025-11-25,MSFT,7.68,22.09,2.07,38.51,10.59,4.91,8.37,overvalued,valuation
2025-11-25,AMZN,12.61,9.64,4.49,37.59,17.08,6.82,7.35,undervalued,valuation
2025-11-26,AAPL,43.54,4.58,3.8,7.59,11.01,2.42,3.65,overvalued,valuation
2025-11-26,NVDA,23.44,24.85,1.97,32.04,3.13,2.61,1.92,overvalued,valuation
2025-11-26,TSLA,54.75,6.83,3.35,9.85,14.14,4.52,0.82,fair,valuation
2025-11-26,MSFT,52.12,18.17,0.67,21.11,8.75,2.32,1.93,fair,valuation
2025-11-26,AMZN,53.46,24.27,0.5,22.69,19.1,2.04,3.21,overvalued,valuation
2025-11-27,AAPL,78.16,14.43,3.3,37.52,6.69,6.7,5.42,overvalued,valuation
2025-11-27,NVDA,60.58,15.9,2.75,17.6,12.47,4.14,1.89,undervalued,valuation
2025-11-27,TSLA,5.56,8.72,3.02,28.89,10.06,5.06,8.65,overvalued,valuation
2025-11-27,MSFT,43.61,11.61,3.72,5.37,17.64,6.12,8.33,undervalued,valuation
2025-11-27,AMZN,53.46,11.14,4.41,39.31,19.32,4.78,-2.35,fair,valuation
2025-11-28,AAPL,53.6,1.73,1.09,23.34,1.7,7.89,-3.78,fair,valuation
2025-11-28,NVDA,32.9,11.66,1.59,8.8,16.74,6.88,4.25,overvalued,valuation
2025-11-28,TSLA,28.98,14.58,1.83,16.2,7.7,0.48,8.49,undervalued,valuation
2025-11-28,MSFT,6.87,1.28,1.75,24.92,15.67,0.91,-4.24,undervalued,valuation
2025-11-28,AMZN,22.9,8.67,2.07,36.32,13.03,1.13,7.02,overvalued,valuation
2025-12-01,AAPL,19.2,24.8,0.78,36.82,4.31,1.95,8.43,undervalued,valuation
2025-12-01,NVDA,48.41,17.36,3.42,20.72,1.96,3.98,11.18,undervalued,valuation
2025-12-01,TSLA,24.29,7.48,3.91,35.99,2.57,1.71,1.68,overvalued,valuation
2025-12-01,MSFT,56.07,16.76,2.77,3.2,3.22,0.67,0.8,overvalued,valuation
2025-12-01,AMZN,25.97,19.16,1.59,20.78,2.52,1.71,-2.71,undervalued,valuation
2025-12-02,AAPL,72.43,8.38,2.35,33.75,18.04,4.57,0.61,undervalued,valuation
2025-12-02,NVDA,8.68,6.06,3.99,44.62,13.95,0.43,11.17,undervalued,valuation
2025-12-02,TSLA,69.0,1.97,3.18,24.61,2.17,1.23,-1.68,undervalued,valuation
2025-12-02,MSFT,58.99,18.42,2.72,4.56,3.09,6.92,-0.81,overvalued,valuation
2025-12-02,AMZN,64.73,3.31,1.3,40.97,2.32,1.86,0.9,fair,valuation
2025-12-03,AAPL,58.01,16.15,4.35,3.13,18.07,4.72,8.36,undervalued,valuation
2025-12-03,NVDA,8.36,5.72,3.78,35.26,1.94,2.83,-1.35,overvalued,valuation
2025-12-03,TSLA,56.07,7.52,2.04,26.6,1.42,7.6,9.38,fair,valuation
2025-12-03,MSFT,30.82,4.98,0.97,30.33,15.61,6.57,-3.48,undervalued,valuation
2025-12-03,AMZN,51.53,17.54,3.26,14.47,6.23,7.42,-3.81,fair,valuation
2025-12-04,AAPL,5.19,18.88,1.92,32.51,4.56,6.58,4.77,fair,valuation
2025-12-04,NVDA,5.62,19.6,2.2,15.23,9.59,0.09,11.42,undervalued,valuation
2025-12-04,TSLA,37.44,22.01,4.07,31.37,11.91,4.2,0.14,overvalued,valuation
2025-12-04,MSFT,52.62,11.83,3.49,20.1,13.66,5.78,0.59,undervalued,valuation
2025-12-04,AMZN,36.29,12.07,2.13,9.66,16.35,5.72,2.06,overvalued,valuation
2025-12-05,AAPL,60.78,19.0,1.31,43.53,16.38,2.53,0.59,fair,valuation
2025-12-05,NVDA,16.84,0.51,2.12,22.58,4.84,2.28,-0.6,overvalued,valuation
2025-12-05,TSLA,53.64,1.57,2.55,14.51,12.5,5.84,-4.39,undervalued,valuation
2025-12-05,MSFT,26.76,21.03,1.91,7.0,17.93,5.45,-0.12,undervalued,valuation
2025-12-05,AMZN,41.19,20.71,4.18,27.1,13.31,7.48,-3.12,fair,valuation
2025-12-08,AAPL,10.45,1.39,2.89,10.47,2.88,0.9,11.47,overvalued,valuation
2025-12-08,NVDA,28.99,18.99,2.49,39.65,9.22,5.82,2.83,undervalued,valuation
2025-12-08,TSLA,53.47,13.11,0.4,25.97,2.5,1.36,7.53,fair,valuation
2025-12-08,MSFT,51.72,1.01,2.2,41.54,12.35,2.79,1.64,overvalued,valuation
2025-12-08,AMZN,73.85,11.13,0.63,4.92,5.87,2.49,9.39,overvalued,valuation
2025-12-09,AAPL,20.21,14.74,1.39,24.09,18.15,1.32,6.54,undervalued,valuation
2025-12-09,NVDA,71.26,21.8,2.21,22.79,19.81,0.89,3.32,overvalued,valuation
2025-12-09,TSLA,13.83,9.55,1.27,29.52,2.12,2.81,-4.03,fair,valuation
2025-12-09,MSFT,46.34,22.24,2.12,4.87,13.44,7.44,0.53,undervalued,valuation
2025-12-09,AMZN,50.96,13.0,0.38,8.82,9.35,7.25,5.54,overvalued,valuation
2025-12-10,AAPL,16.82,15.66,0.32,35.33,7.19,7.82,8.56,undervalued,valuation
2025-12-10,NVDA,31.27,18.52,4.49,6.44,3.84,4.78,-4.65,fair,valuation
2025-12-10,TSLA,43.9,16.07,3.28,13.71,1.67,5.25,11.79,overvalued,valuation
2025-12-10,MSFT,67.27,10.91,3.31,3.42,16.48,7.41,0.62,undervalued,valuation
2025-12-10,AMZN,53.08,2.46,2.71,35.65,18.22,6.45,11.65,undervalued,valuation
2025-12-11,AAPL,29.74,5.67,4.18,8.87,5.82,1.0,4.11,undervalued,valuation
2025-12-11,NVDA,66.67,9.81,1.82,9.52,4.09,7.96,11.92,undervalued,valuation
2025-12-11,TSLA,18.07,4.12,1.09,22.89,14.63,1.4,-4.81,undervalued,valuation
2025-12-11,MSFT,47.54,11.26,0.31,3.35,12.11,1.87,-2.57,fair,valuation
2025-12-11,AMZN,71.36,20.43,3.43,25.72,9.8,5.5,-2.06,fair,valuation
2025-12-12,AAPL,47.7,17.78,0.92,14.28,13.88,0.41,1.41,fair,valuation
2025-12-12,NVDA,51.21,11.72,1.98,30.3,16.72,2.49,-3.2,undervalued,valuation
2025-12-12,TSLA,56.11,5.13,0.62,8.79,10.16,6.74,6.23,fair,valuation
2025-12-12,MSFT,36.31,13.83,2.85,17.33,17.43,5.54,8.05,undervalued,valuation
2025-12-12,AMZN,79.59,6.08,3.51,14.8,8.29,0.66,-4.94,undervalued,valuation
2025-12-15,AAPL,19.52,7.25,1.79,44.86,6.34,6.6,4.67,fair,valuation
2025-12-15,NVDA,64.12,13.01,1.02,11.88,14.35,5.72,11.05,overvalued,valuation
2025-12-15,TSLA,23.09,14.19,4.08,31.36,17.65,2.47,-4.47,fair,valuation
2025-12-15,MSFT,36.51,18.53,0.95,31.63,12.94,1.28,-0.64,fair,valuation
2025-12-15,AMZN,39.68,13.93,1.68,16.82,12.08,1.8,-0.69,undervalued,valuation
2025-12-16,AAPL,33.51,14.01,0.72,35.41,19.45,7.51,4.74,overvalued,valuation
2025-12-16,NVDA,48.04,2.78,1.06,17.31,1.2,5.27,10.82,overvalued,valuation
2025-12-16,TSLA,72.44,9.76,4.34,20.67,19.12,7.39,5.27,fair,valuation
2025-12-16,MSFT,7.54,18.95,0.51,21.22,10.97,3.59,-1.7,overvalued,valuation
2025-12-16,AMZN,30.84,4.36,3.29,10.04,14.03,2.84,0.55,overvalued,valuation
2025-12-17,AAPL,24.62,11.01,1.23,40.93,8.67,4.71,-2.13,fair,valuation
2025-12-17,NVDA,71.03,22.97,2.83,10.06,15.06,2.65,-3.85,undervalued,valuation
2025-12-17,TSLA,12.2,1.24,4.04,13.66,18.62,2.2,-4.24,undervalued,valuation
2025-12-17,MSFT,52.08,13.99,3.79,36.4,15.61,7.88,1.83,fair,valuation
2025-12-17,AMZN,47.4,24.73,2.75,31.75,13.65,3.63,9.21,undervalued,valuation
2025-12-18,AAPL,32.01,24.21,0.72,23.02,12.11,3.23,10.44,undervalued,valuation
2025-12-18,NVDA,41.74,20.91,3.36,6.27,8.05,6.03,5.71,undervalued,valuation
2025-12-18,TSLA,50.86,19.62,1.46,19.97,11.79,6.66,-3.52,overvalued,valuation
2025-12-18,MSFT,6.25,21.52,3.92,42.74,11.25,4.08,-0.76,fair,valuation
2025-12-18,AMZN,53.2,12.9,1.86,44.91,9.33,1.76,11.95,overvalued,valuation
2025-12-19,AAPL,26.99,3.19,1.95,27.35,2.77,0.47,5.77,undervalued,valuation
2025-12-19,NVDA,61.1,3.93,2.68,39.66,7.02,6.87,-3.18,undervalued,valuation
2025-12-19,TSLA,40.72,24.31,2.01,5.39,7.77,4.09,10.0,undervalued,valuation
2025-12-19,MSFT,36.33,20.96,2.17,33.88,7.0,2.95,-4.61,overvalued,valuation
2025-12-19,AMZN,57.37,23.23,0.53,30.86,11.48,1.25,3.58,undervalued,valuation
2025-12-22,AAPL,57.19,8.38,0.7,15.23,12.3,0.99,2.47,undervalued,valuation
2025-12-22,NVDA,6.38,17.53,3.81,24.58,10.76,2.01,-0.51,fair,valuation
2025-12-22,TSLA,34.63,19.68,1.38,28.38,19.47,1.11,8.73,undervalued,valuation
2025-12-22,MSFT,78.14,3.95,0.59,42.94,19.44,4.13,3.63,undervalued,valuation
2025-12-22,AMZN,20.99,19.72,0.39,39.95,13.25,4.01,6.46,undervalued,valuation
2025-12-23,AAPL,16.53,18.43,2.85,7.76,0.77,2.44,-2.83,fair,valuation
2025-12-23,NVDA,30.53,19.44,4.41,11.32,15.36,3.32,7.85,fair,valuation
2025-12-23,TSLA,15.92,15.04,2.97,37.74,17.45,1.41,10.37,overvalued,valuation
2025-12-23,MSFT,76.74,13.9,3.14,30.32,4.1,5.31,7.2,undervalued,valuation
2025-12-23,AMZN,50.21,6.29,3.9,33.82,14.35,2.37,8.58,undervalued,valuation
2025-12-24,AAPL,26.47,1.93,2.36,22.73,4.43,7.17,10.53,fair,valuation
2025-12-24,NVDA,15.36,22.57,2.46,14.32,14.6,1.24,-3.18,fair,valuation
2025-12-24,TSLA,18.89,6.55,1.12,7.13,14.02,1.07,-0.21,fair,valuation
2025-12-24,MSFT,64.81,8.56,2.32,20.61,10.41,5.04,4.92,overvalued,valuation
2025-12-24,AMZN,32.75,18.72,4.35,16.23,13.57,3.65,0.57,fair,valuation
2025-12-25,AAPL,32.61,14.46,3.11,12.43,7.13,5.9,6.09,fair,valuation
2025-12-25,NVDA,42.73,20.81,0.82,25.48,3.86,1.72,-4.29,undervalued,valuation
2025-12-25,TSLA,78.21,14.11,3.28,23.84,7.75,4.41,2.79,fair,valuation
2025-12-25,MSFT,46.96,7.48,1.03,33.66,13.99,1.27,-3.23,fair,valuation
2025-12-25,AMZN,11.33,10.17,1.89,37.42,5.96,3.86,0.9,fair,valuation
2025-12-26,AAPL,30.21,8.64,1.62,10.49,2.43,1.32,9.5,overvalued,valuation
2025-12-26,NVDA,52.46,15.37,4.0,16.14,7.76,1.05,7.13,fair,valuation
2025-12-26,TSLA,37.19,22.43,3.78,11.7,7.79,0.24,-4.14,fair,valuation
2025-12-26,MSFT,59.83,16.85,0.79,16.71,9.43,6.65,9.01,overvalued,valuation
2025-12-26,AMZN,26.98,22.41,2.2,11.89,5.91,6.22,6.95,undervalued,valuation
2025-12-29,AAPL,38.95,22.11,0.73,20.39,10.38,5.05,-0.25,fair,valuation
2025-12-29,NVDA,74.97,8.34,3.52,7.22,15.31,3.09,9.25,fair,valuation
2025-12-29,TSLA,40.25,19.3,2.06,12.39,12.59,1.55,-2.09,overvalued,valuation
2025-12-29,MSFT,13.82,16.48,2.86,35.34,17.25,0.29,5.06,overvalued,valuation
2025-12-29,AMZN,35.55,8.51,1.15,15.27,2.92,6.04,1.99,overvalued,valuation
2025-12-30,AAPL,11.98,5.61,1.16,24.64,5.93,5.32,-0.61,fair,valuation
2025-12-30,NVDA,69.21,4.07,0.62,3.89,1.4,4.44,-0.47,undervalued,valuation
2025-12-30,TSLA,37.0,12.42,1.75,44.8,16.72,4.78,10.33,undervalued,valuation
2025-12-30,MSFT,37.37,11.79,4.43,28.5,9.18,6.25,11.41,undervalued,valuation
2025-12-30,AMZN,20.73,22.35,1.89,34.58,6.8,6.97,1.83,undervalued,valuation
2025-12-31,AAPL,24.28,5.16,1.58,25.57,14.29,5.64,4.33,fair,valuation
2025-12-31,NVDA,71.8,10.06,0.91,17.53,2.7,6.61,7.73,overvalued,valuation
2025-12-31,TSLA,64.65,23.42,3.47,10.96,8.19,5.68,-3.54,overvalued,valuation
2025-12-31,MSFT,17.79,16.61,2.68,9.87,17.84,1.1,-0.93,undervalued,valuation
2025-12-31,AMZN,51.55,23.42,2.57,15.04,10.72,1.2,-2.37,undervalued,valuation
2026-01-01,AAPL,53.04,1.65,0.32,3.23,2.47,1.27,11.21,undervalued,valuation
2026-01-01,NVDA,14.85,5.25,3.79,21.37,18.87,4.14,6.48,undervalued,valuation
2026-01-01,TSLA,33.96,19.84,2.27,8.9,12.67,0.9,-3.09,fair,valuation
2026-01-01,MSFT,30.01,23.57,3.57,32.03,13.22,4.26,5.78,fair,valuation
2026-01-01,AMZN,58.22,3.37,4.24,22.46,6.91,1.91,9.36,fair,valuation
2026-01-02,AAPL,72.96,11.18,0.79,7.72,5.32,0.4,-1.99,fair,valuation
2026-01-02,NVDA,34.21,4.49,3.66,21.7,6.31,0.76,4.08,overvalued,valuation
2026-01-02,TSLA,59.06,4.62,3.91,21.03,9.73,0.43,9.47,undervalued,valuation
2026-01-02,MSFT,15.82,1.47,3.15,6.67,9.37,1.54,0.84,fair,valuation
2026-01-02,AMZN,71.58,0.96,1.11,34.43,4.52,1.8,3.44,fair,valuation
2026-01-05,AAPL,59.24,4.04,4.49,17.36,8.77,6.71,6.42,overvalued,valuation
2026-01-05,NVDA,73.23,17.58,0.66,12.24,14.71,1.85,7.29,undervalued,valuation
2026-01-05,TSLA,21.55,19.33,0.68,3.83,6.96,1.96,7.51,fair,valuation
2026-01-05,MSFT,34.84,19.74,0.6,10.72,3.12,7.13,1.08,undervalued,valuation
2026-01-05,AMZN,50.13,22.14,1.61,12.48,12.97,6.63,10.89,overvalued,valuation
2026-01-06,AAPL,41.35,4.58,2.63,6.57,17.49,1.17,-4.62,overvalued,valuation
2026-01-06,NVDA,38.88,18.92,1.74,24.4,9.24,3.26,-0.08,fair,valuation
2026-01-06,TSLA,26.41,8.36,1.05,4.83,19.34,6.62,-2.2,undervalued,valuation
2026-01-06,MSFT,32.23,7.38,2.01,18.68,16.35,4.01,1.25,overvalued,valuation
2026-01-06,AMZN,13.67,12.15,2.57,34.44,12.77,6.42,10.19,undervalued,valuation
2026-01-07,AAPL,40.09,2.86,2.79,23.71,16.3,7.55,6.55,undervalued,valuation
2026-01-07,NVDA,12.07,23.14,3.08,18.98,0.88,7.31,-2.89,overvalued,valuation
2026-01-07,TSLA,64.01,2.94,1.94,8.22,12.35,1.11,6.34,fair,valuation
2026-01-07,MSFT,38.3,3.88,2.82,10.06,4.91,6.76,3.2,undervalued,valuation
2026-01-07,AMZN,7.09,10.66,1.49,36.48,11.91,5.63,8.87,overvalued,valuation
2026-01-08,AAPL,53.14,20.32,1.8,43.16,18.22,1.57,1.13,fair,valuation
2026-01-08,NVDA,27.06,22.73,2.54,14.93,15.87,7.89,-3.23,overvalued,valuation
2026-01-08,TSLA,76.42,10.73,0.63,15.78,6.37,5.47,2.75,undervalued,valuation
2026-01-08,MSFT,78.01,14.4,2.76,44.83,9.51,2.22,10.77,fair,valuation
2026-01-08,AMZN,49.25,20.83,1.84,15.46,9.58,4.87,-0.34,fair,valuation
2026-01-09,AAPL,30.34,18.5,0.3,42.0,4.33,6.85,-0.77,overvalued,valuation
2026-01-09,NVDA,79.57,1.52,3.23,26.62,9.94,0.68,2.97,fair,valuation
2026-01-09,TSLA,42.12,24.5,1.89,34.78,18.69,0.97,3.39,undervalued,valuation
2026-01-09,MSFT,71.75,13.07,2.89,21.03,9.0,4.41,8.76,fair,valuation
2026-01-09,AMZN,33.32,8.18,1.51,19.35,8.73,2.05,1.26,fair,valuation
2026-01-12,AAPL,68.49,7.92,0.5,27.41,9.67,5.01,6.35,overvalued,valuation
2026-01-12,NVDA,55.39,4.92,0.9,20.18,0.86,6.19,3.68,fair,valuation
2026-01-12,TSLA,58.31,8.76,2.49,9.66,9.58,1.61,-0.47,overvalued,valuation
2026-01-12,MSFT,9.74,22.26,2.5,12.09,9.14,7.39,9.32,fair,valuation
2026-01-12,AMZN,26.82,22.9,2.63,12.69,6.9,4.36,-0.72,fair,valuation
2026-01-13,AAPL,26.47,18.52,0.73,34.14,3.81,4.52,4.43,fair,valuation
2026-01-13,NVDA,39.4,4.93,3.85,6.29,6.75,7.87,1.74,overvalued,valuation
2026-01-13,TSLA,15.05,22.54,1.17,38.68,7.05,3.94,3.29,fair,valuation
2026-01-13,MSFT,18.28,3.01,3.48,20.21,12.44,5.51,-2.97,overvalued,valuation
2026-01-13,AMZN,14.65,20.14,3.17,41.45,13.83,0.31,10.61,overvalued,valuation
2026-01-14,AAPL,79.96,17.96,2.8,35.56,11.58,0.63,-3.01,fair,valuation
2026-01-14,NVDA,14.25,22.91,3.92,7.02,13.33,1.93,4.1,undervalued,valuation
2026-01-14,TSLA,13.87,13.9,1.06,13.4,5.45,2.95,8.18,undervalued,valuation
2026-01-14,MSFT,23.59,17.38,3.56,35.04,6.19,5.78,4.84,fair,valuation
2026-01-14,AMZN,69.13,3.73,1.12,3.1,1.47,1.34,-1.21,fair,valuation
2026-01-15,AAPL,45.54,17.94,0.99,40.27,12.2,2.33,10.17,overvalued,valuation
2026-01-15,NVDA,33.7,8.99,2.64,6.34,9.23,1.15,4.73,overvalued,valuation
2026-01-15,TSLA,73.77,15.24,0.64,4.58,4.4,1.83,-0.15,undervalued,valuation
2026-01-15,MSFT,38.56,16.61,1.28,40.7,8.55,2.88,-3.34,undervalued,valuation
2026-01-15,AMZN,23.84,1.32,2.46,12.04,7.16,4.65,3.17,overvalued,valuation
2026-01-16,AAPL,73.14,10.91,3.2,26.62,5.12,0.93,5.97,fair,valuation
2026-01-16,NVDA,22.02,12.3,3.3,17.61,19.28,3.41,-4.08,overvalued,valuation
2026-01-16,TSLA,65.41,10.8,4.14,31.14,14.07,0.67,1.19,overvalued,valuation
2026-01-16,MSFT,56.27,4.51,3.84,40.05,3.57,1.73,3.8,overvalued,valuation
2026-01-16,AMZN,69.3,8.09,2.12,23.41,2.2,0.5,9.52,undervalued,valuation
2026-01-19,AAPL,28.69,12.55,1.66,40.5,19.93,6.92,4.62,overvalued,valuation
2026-01-19,NVDA,68.63,4.87,4.18,32.83,0.65,0.03,2.14,fair,valuation
2026-01-19,TSLA,36.86,21.67,0.71,34.95,1.14,1.11,-3.54,overvalued,valuation
2026-01-19,MSFT,51.46,3.77,4.29,25.3,15.14,4.09,4.52,undervalued,valuation
2026-01-19,AMZN,53.24,13.37,4.31,33.93,19.37,0.24,9.75,fair,valuation
2026-01-20,AAPL,54.14,6.04,2.2,19.58,5.66,1.48,1.56,overvalued,valuation
2026-01-20,NVDA,41.41,6.32,0.46,30.09,13.2,6.41,5.69,fair,valuation
2026-01-20,TSLA,71.17,24.93,2.98,30.97,2.87,2.23,-0.87,overvalued,valuation
2026-01-20,MSFT,38.39,7.08,2.25,28.57,18.6,0.91,-0.15,overvalued,valuation
2026-01-20,AMZN,75.1,12.13,2.78,3.75,13.48,3.36,10.71,undervalued,valuation
2026-01-21,AAPL,66.65,20.38,2.77,39.84,5.04,4.93,1.24,undervalued,valuation
2026-01-21,NVDA,19.78,9.36,0.51,42.59,18.66,3.62,-2.24,undervalued,valuation
2026-01-21,TSLA,5.59,18.14,3.21,18.26,13.09,1.78,0.98,undervalued,valuation
2026-01-21,MSFT,20.06,17.56,2.42,7.47,16.84,0.8,10.54,fair,valuation
2026-01-21,AMZN,45.94,5.2,4.4,39.62,13.36,6.81,6.6,overvalued,valuation
2026-01-22,AAPL,14.78,19.85,4.39,18.18,8.61,6.86,5.79,fair,valuation
2026-01-22,NVDA,9.28,4.28,1.61,14.17,5.91,4.87,5.14,overvalued,valuation
2026-01-22,TSLA,57.72,18.38,1.54,15.79,19.04,2.08,0.69,undervalued,valuation
2026-01-22,MSFT,16.13,14.53,2.74,26.54,17.05,7.63,3.77,fair,valuation
2026-01-22,AMZN,14.09,19.75,4.43,13.99,8.96,3.56,9.31,undervalued,valuation
2026-01-23,AAPL,7.69,2.04,3.27,20.37,13.47,1.6,6.77,undervalued,valuation
2026-01-23,NVDA,76.13,10.67,4.43,19.59,2.87,4.26,-2.06,undervalued,valuation
2026-01-23,TSLA,70.81,2.16,3.81,26.54,12.13,6.7,5.85,fair,valuation
2026-01-23,MSFT,23.67,23.82,3.82,30.66,6.2,0.14,4.14,undervalued,valuation
2026-01-23,AMZN,20.03,18.51,2.86,38.28,8.86,6.01,-3.87,fair,valuation
2026-01-26,AAPL,70.45,15.1,1.92,6.53,10.41,5.32,8.21,overvalued,valuation
2026-01-26,NVDA,32.47,20.55,4.3,29.87,1.13,3.44,7.44,fair,valuation
2026-01-26,TSLA,35.07,8.47,4.45,6.32,1.82,1.8,5.74,fair,valuation
2026-01-26,MSFT,44.05,21.8,0.8,3.05,7.25,0.87,-3.73,fair,valuation
2026-01-26,AMZN,56.88,10.13,4.16,14.81,10.99,0.54,11.25,undervalued,valuation
2026-01-27,AAPL,73.01,1.56,0.88,26.37,5.23,7.49,5.27,undervalued,valuation
2026-01-27,NVDA,62.26,5.71,1.33,8.62,18.03,5.55,11.08,overvalued,valuation
2026-01-27,TSLA,30.18,1.89,2.36,21.48,2.69,2.21,-1.08,fair,valuation
2026-01-27,MSFT,77.57,11.1,0.68,5.53,19.42,4.65,-2.16,fair,valuation
2026-01-27,AMZN,36.47,15.98,2.53,32.34,6.67,3.23,6.24,fair,valuation
2026-01-28,AAPL,60.35,19.22,4.24,29.71,5.25,5.28,2.59,overvalued,valuation
2026-01-28,NVDA,74.76,1.36,2.25,33.03,15.53,6.48,-0.15,undervalued,valuation
2026-01-28,TSLA,60.84,2.32,4.26,18.76,2.22,4.6,5.12,overvalued,valuation
2026-01-28,MSFT,45.57,2.24,4.34,33.47,18.51,4.23,4.22,overvalued,valuation
2026-01-28,AMZN,22.85,15.03,2.18,26.0,13.88,2.8,0.34,overvalued,valuation
2026-01-29,AAPL,58.79,8.59,0.45,11.94,2.39,6.36,10.76,fair,valuation
2026-01-29,NVDA,33.85,12.24,2.42,30.08,4.93,6.36,5.15,undervalued,valuation
2026-01-29,TSLA,50.9,20.82,1.17,18.0,16.14,4.66,5.99,undervalued,valuation
2026-01-29,MSFT,48.94,8.84,2.74,14.08,6.74,7.16,8.72,fair,valuation
2026-01-29,AMZN,20.26,24.81,2.7,30.24,18.72,0.94,6.27,undervalued,valuation
2026-01-30,AAPL,11.93,1.6,4.48,27.33,12.32,2.94,5.93,overvalued,valuation
2026-01-30,NVDA,48.2,14.85,1.89,44.83,4.7,7.71,2.14,fair,valuation
2026-01-30,TSLA,5.21,0.52,1.34,43.1,16.02,6.71,7.74,undervalued,valuation
2026-01-30,MSFT,12.63,15.94,3.74,24.28,14.69,1.37,8.03,fair,valuation
2026-01-30,AMZN,16.33,22.65,0.75,9.54,10.3,7.05,9.95,undervalued,valuation
2026-02-02,AAPL,75.75,23.98,2.52,34.04,3.42,0.17,3.66,overvalued,valuation
2026-02-02,NVDA,17.35,0.93,2.28,7.62,18.4,5.64,10.14,fair,valuation
2026-02-02,TSLA,14.25,12.03,0.88,36.84,8.52,4.99,9.79,overvalued,valuation
2026-02-02,MSFT,25.8,24.75,1.19,36.63,10.59,1.06,3.77,undervalued,valuation
2026-02-02,AMZN,69.38,6.25,0.86,5.57,2.75,0.69,7.54,undervalued,valuation
2026-02-03,AAPL,33.15,18.3,3.36,36.62,5.81,7.67,-4.43,fair,valuation
2026-02-03,NVDA,9.05,6.62,3.58,4.34,11.55,7.85,5.0,overvalued,valuation
2026-02-03,TSLA,51.48,1.28,1.01,11.74,7.4,7.73,3.25,overvalued,valuation
2026-02-03,MSFT,18.43,2.95,3.23,19.54,9.22,0.19,1.66,undervalued,valuation
2026-02-03,AMZN,47.0,1.33,0.99,14.01,6.38,0.74,8.82,undervalued,valuation
2026-02-04,AAPL,60.54,6.53,1.0,27.74,17.71,2.79,0.06,undervalued,valuation
2026-02-04,NVDA,36.78,5.96,3.54,27.31,11.21,2.21,-3.83,fair,valuation
2026-02-04,TSLA,5.59,7.48,2.84,27.98,7.95,6.35,-4.77,undervalued,valuation
2026-02-04,MSFT,60.07,1.53,0.74,41.25,4.33,0.48,3.45,overvalued,valuation
2026-02-04,AMZN,26.38,2.08,3.07,29.43,1.88,7.73,8.01,undervalued,valuation
2026-02-05,AAPL,19.95,2.36,3.74,34.05,18.56,3.13,-4.64,fair,valuation
2026-02-05,NVDA,74.44,9.16,0.98,43.92,19.02,6.05,0.3,fair,valuation
2026-02-05,TSLA,51.15,9.43,2.93,34.15,3.27,5.76,-1.32,fair,valuation
2026-02-05,MSFT,21.63,5.84,3.51,33.7,19.8,4.99,6.25,fair,valuation
2026-02-05,AMZN,49.21,13.69,0.47,23.34,16.96,5.65,4.2,undervalued,valuation
2026-02-06,AAPL,38.09,10.79,2.23,4.67,8.75,5.17,-4.85,fair,valuation
2026-02-06,NVDA,37.58,20.08,0.65,42.83,15.93,5.0,-2.83,overvalued,valuation
2026-02-06,TSLA,16.45,2.82,2.83,4.15,12.01,4.55,11.45,overvalued,valuation
2026-02-06,MSFT,8.67,1.71,4.32,19.86,5.24,3.36,7.21,undervalued,valuation
2026-02-06,AMZN,61.15,12.68,0.36,3.41,8.31,2.81,6.32,fair,valuation
2026-02-09,AAPL,35.88,3.53,3.32,43.72,10.2,2.87,0.13,overvalued,valuation
2026-02-09,NVDA,7.07,3.67,4.08,41.14,2.11,3.63,-0.81,overvalued,valuation
2026-02-09,TSLA,62.24,22.31,2.26,11.74,14.23,2.52,3.76,undervalued,valuation
2026-02-09,MSFT,29.89,7.36,4.24,24.08,12.58,7.25,2.38,fair,valuation
2026-02-09,AMZN,54.25,8.28,4.32,25.68,15.65,6.82,1.66,undervalued,valuation
2026-02-10,AAPL,43.58,1.39,3.09,10.11,7.36,5.11,0.5,fair,valuation
2026-02-10,NVDA,47.12,13.68,2.07,28.88,8.69,7.62,9.22,overvalued,valuation
2026-02-10,TSLA,74.9,22.63,2.33,13.95,3.34,7.32,0.83,overvalued,valuation
2026-02-10,MSFT,14.82,19.76,1.5,12.1,15.56,6.57,-0.26,overvalued,valuation
2026-02-10,AMZN,79.41,8.51,2.42,26.14,15.36,1.33,-1.55,fair,valuation
2026-02-11,AAPL,73.64,15.04,0.84,14.75,10.87,3.08,4.31,overvalued,valuation
2026-02-11,NVDA,44.84,5.91,1.4,30.38,8.84,4.75,4.75,overvalued,valuation
2026-02-11,TSLA,47.29,7.78,1.91,5.33,10.68,5.35,-2.53,undervalued,valuation
2026-02-11,MSFT,33.55,4.92,2.34,32.96,11.0,4.12,7.51,undervalued,valuation
2026-02-11,AMZN,74.01,3.26,3.21,34.96,6.59,7.4,5.66,overvalued,valuation
2026-02-12,AAPL,39.28,13.38,2.32,42.69,6.69,7.59,9.54,undervalued,valuation
2026-02-12,NVDA,28.83,4.88,3.97,4.88,14.71,1.2,-0.4,overvalued,valuation
2026-02-12,TSLA,54.63,19.52,1.55,14.18,8.82,4.52,-4.59,undervalued,valuation
2026-02-12,MSFT,61.01,24.43,3.4,5.4,12.0,5.56,-1.68,overvalued,valuation
2026-02-12,AMZN,50.1,5.13,3.31,39.17,11.95,3.21,10.36,undervalued,valuation
2026-02-13,AAPL,40.28,24.78,3.05,10.16,7.93,0.93,-4.5,undervalued,valuation
2026-02-13,NVDA,49.93,20.87,2.93,5.02,4.8,2.07,9.34,fair,valuation
2026-02-13,TSLA,5.47,22.18,0.38,35.9,0.66,0.9,9.76,overvalued,valuation
2026-02-13,MSFT,13.45,18.3,2.71,37.38,11.23,5.31,6.16,overvalued,valuation
2026-02-13,AMZN,65.24,16.5,2.13,43.42,1.03,3.04,3.9,overvalued,valuation
2026-02-16,AAPL,68.85,15.39,1.09,43.34,2.63,5.6,11.2,overvalued,valuation
2026-02-16,NVDA,54.47,2.87,1.04,34.89,12.89,7.66,11.75,undervalued,valuation
2026-02-16,TSLA,78.07,1.16,1.49,26.39,10.52,4.06,2.15,undervalued,valuation
2026-02-16,MSFT,62.17,17.09,1.9,10.43,5.93,2.28,5.78,undervalued,valuation
2026-02-16,AMZN,48.87,14.87,1.12,3.67,18.88,4.38,8.92,overvalued,valuation
2026-02-17,AAPL,10.46,21.67,0.58,3.53,1.23,4.56,1.02,fair,valuation
2026-02-17,NVDA,31.58,6.64,1.09,17.36,8.55,4.44,8.17,undervalued,valuation
2026-02-17,TSLA,21.51,3.87,3.17,15.47,13.48,4.29,-4.29,undervalued,valuation
2026-02-17,MSFT,19.31,23.89,2.28,15.31,0.69,3.49,4.52,undervalued,valuation
2026-02-17,AMZN,58.6,24.36,2.73,17.36,6.33,1.22,-4.51,undervalued,valuation
2026-02-18,AAPL,74.53,2.78,1.02,15.28,5.66,1.98,11.31,undervalued,valuation
2026-02-18,NVDA,6.97,14.39,0.54,19.5,5.64,7.95,3.79,undervalued,valuation
2026-02-18,TSLA,72.56,10.3,1.03,33.92,11.17,4.77,0.5,undervalued,valuation
2026-02-18,MSFT,13.8,11.34,3.84,36.63,4.32,2.28,-1.03,fair,valuation
2026-02-18,AMZN,52.42,7.51,2.11,18.2,17.87,1.74,11.98,overvalued,valuation
2026-02-19,AAPL,63.49,5.45,3.44,5.7,17.87,7.67,-3.75,undervalued,valuation
2026-02-19,NVDA,14.19,24.8,3.08,42.55,6.79,5.27,-0.5,overvalued,valuation
2026-02-19,TSLA,46.87,7.51,1.9,16.46,8.31,1.14,-4.46,fair,valuation
2026-02-19,MSFT,47.59,14.22,2.23,43.79,8.07,2.61,-4.48,fair,valuation
2026-02-19,AMZN,64.68,19.55,0.76,18.08,13.94,5.13,4.14,fair,valuation
2026-02-20,AAPL,62.61,20.1,4.02,36.98,3.85,5.88,5.03,undervalued,valuation
2026-02-20,NVDA,15.75,4.34,4.4,16.66,3.9,2.2,-4.72,fair,valuation
2026-02-20,TSLA,7.18,20.04,2.25,12.81,0.66,1.41,-4.39,undervalued,valuation
2026-02-20,MSFT,57.07,8.99,3.34,29.13,12.69,4.74,10.99,fair,valuation
2026-02-20,AMZN,77.67,9.13,2.72,39.97,17.37,6.96,10.82,undervalued,valuation
2026-02-23,AAPL,30.08,14.16,3.71,21.19,9.64,7.09,-0.59,undervalued,valuation
2026-02-23,NVDA,56.75,18.96,3.09,30.17,7.52,1.41,0.21,overvalued,valuation
2026-02-23,TSLA,10.88,8.9,3.52,9.74,1.59,4.38,5.5,fair,valuation
2026-02-23,MSFT,28.42,16.09,1.32,38.13,6.54,3.69,-4.05,fair,valuation
2026-02-23,AMZN,77.69,5.77,0.6,13.92,0.89,5.09,3.49,undervalued,valuation
2026-02-24,AAPL,50.63,3.33,0.55,22.98,10.23,0.97,2.87,overvalued,valuation
2026-02-24,NVDA,66.55,1.44,2.95,11.78,16.96,2.2,11.37,undervalued,valuation
2026-02-24,TSLA,54.66,2.92,2.69,18.74,16.5,0.66,-0.86,undervalued,valuation
2026-02-24,MSFT,46.96,9.38,1.5,32.57,7.44,5.46,-4.28,undervalued,valuation
2026-02-24,AMZN,62.49,13.84,0.58,10.56,18.23,7.71,0.45,overvalued,valuation
2026-02-25,AAPL,47.64,12.27,2.83,44.24,5.52,7.12,8.51,undervalued,valuation
2026-02-25,NVDA,75.41,13.55,2.37,38.58,8.75,1.27,1.95,undervalued,valuation
2026-02-25,TSLA,27.99,4.2,2.19,43.15,13.88,4.0,1.23,overvalued,valuation
2026-02-25,MSFT,76.26,23.46,3.3,37.99,0.62,1.22,3.68,undervalued,valuation
2026-02-25,AMZN,30.0,10.48,4.07,38.03,16.97,6.61,3.25,overvalued,valuation
2026-02-26,AAPL,36.87,18.34,3.46,27.27,9.62,6.16,11.59,fair,valuation
2026-02-26,NVDA,57.34,15.6,1.56,13.93,18.15,4.28,5.36,fair,valuation
2026-02-26,TSLA,29.59,19.26,0.79,6.75,6.46,2.9,3.67,undervalued,valuation
2026-02-26,MSFT,65.77,17.53,2.5,26.55,8.42,2.68,1.51,undervalued,valuation
2026-02-26,AMZN,76.62,1.85,1.3,18.67,2.29,8.0,7.53,undervalued,valuation
2026-02-27,AAPL,78.08,5.25,0.97,12.29,12.18,4.36,9.69,undervalued,valuation
2026-02-27,NVDA,56.25,4.96,1.72,4.44,16.18,2.36,2.86,fair,valuation
2026-02-27,TSLA,32.35,19.05,2.03,31.25,1.6,6.32,6.29,overvalued,valuation
2026-02-27,MSFT,32.21,24.96,2.5,36.4,2.24,2.89,8.19,fair,valuation
2026-02-27,AMZN,12.71,17.96,0.39,3.34,11.09,4.62,3.89,overvalued,valuation
2026-03-02,AAPL,64.2,13.57,1.24,28.65,4.32,0.37,3.37,overvalued,valuation
2026-03-02,NVDA,54.0,6.18,3.85,11.79,10.6,3.06,7.75,fair,valuation
2026-03-02,TSLA,71.81,23.49,4.26,39.07,6.78,5.39,0.1,undervalued,valuation
2026-03-02,MSFT,19.46,10.32,0.5,19.64,15.33,4.06,-4.15,fair,valuation
2026-03-02,AMZN,24.54,6.18,1.69,41.24,4.69,7.76,-2.14,undervalued,valuation
2026-03-03,AAPL,61.3,16.49,3.34,6.68,3.24,4.83,10.29,fair,valuation
2026-03-03,NVDA,70.88,17.83,3.25,5.46,13.81,1.43,9.28,fair,valuation
2026-03-03,TSLA,42.26,24.95,2.95,34.3,17.11,2.74,-2.06,fair,valuation
2026-03-03,MSFT,10.27,14.96,2.01,33.87,12.81,5.54,8.41,overvalued,valuation
2026-03-03,AMZN,50.31,13.72,2.36,8.23,4.69,6.67,11.08,fair,valuation
2026-03-04,AAPL,31.31,2.3,3.98,25.95,12.52,0.32,-4.09,overvalued,valuation
2026-03-04,NVDA,65.36,19.62,2.46,5.57,4.31,7.15,-4.72,undervalued,valuation
2026-03-04,TSLA,48.88,23.82,1.42,13.12,0.53,2.86,-2.89,undervalued,valuation
2026-03-04,MSFT,50.37,13.17,0.95,37.89,12.36,1.02,4.84,fair,valuation
2026-03-04,AMZN,79.73,1.34,3.13,31.52,12.89,5.17,3.67,fair,valuation
2026-03-05,AAPL,13.37,9.01,3.7,23.84,18.56,0.66,2.14,overvalued,valuation
2026-03-05,NVDA,29.69,4.09,3.33,24.86,0.63,6.49,4.76,overvalued,valuation
2026-03-05,TSLA,14.72,16.98,3.96,27.19,16.2,0.1,8.32,undervalued,valuation
2026-03-05,MSFT,51.91,20.26,2.57,3.92,17.04,3.22,3.77,undervalued,valuation
2026-03-05,AMZN,77.78,13.63,2.89,42.74,16.29,3.78,11.61,fair,valuation
2026-03-06,AAPL,70.77,8.56,2.4,32.95,10.01,5.98,3.58,overvalued,valuation
2026-03-06,NVDA,35.86,6.36,2.74,24.33,4.83,0.05,10.25,fair,valuation
2026-03-06,TSLA,17.41,16.16,0.69,24.39,17.86,6.05,8.37,overvalued,valuation
2026-03-06,MSFT,38.01,22.47,1.93,27.44,12.92,6.99,4.58,fair,valuation
2026-03-06,AMZN,7.71,23.04,1.05,35.77,3.41,6.96,4.3,overvalued,valuation
2026-03-09,AAPL,76.23,22.96,3.75,7.36,13.08,4.92,9.47,undervalued,valuation
2026-03-09,NVDA,75.83,15.94,3.63,39.16,15.81,7.03,-0.47,overvalued,valuation
2026-03-09,TSLA,60.38,12.96,1.3,29.0,4.31,5.14,6.11,fair,valuation
2026-03-09,MSFT,60.11,7.2,3.78,25.07,14.87,3.71,4.89,undervalued,valuation
2026-03-09,AMZN,62.44,15.81,4.38,40.19,15.81,0.1,10.55,overvalued,valuation
2026-03-10,AAPL,31.66,24.76,3.91,24.72,5.37,1.99,-1.74,undervalued,valuation
2026-03-10,NVDA,5.07,9.92,0.65,8.08,11.17,6.7,1.43,overvalued,valuation
2026-03-10,TSLA,16.8,12.13,2.41,16.15,19.05,5.44,-4.3,overvalued,valuation
2026-03-10,MSFT,70.95,13.84,2.41,40.97,10.08,5.5,8.62,overvalued,valuation
2026-03-10,AMZN,77.03,19.28,3.35,15.85,17.27,0.13,-1.0,fair,valuation
2026-03-11,AAPL,24.58,7.37,0.95,38.33,2.79,6.13,9.83,overvalued,valuation
2026-03-11,NVDA,13.85,14.16,3.14,28.49,2.56,5.58,10.06,overvalued,valuation
2026-03-11,TSLA,9.92,3.03,2.52,42.06,7.58,7.33,-1.82,undervalued,valuation
2026-03-11,MSFT,53.95,9.7,1.41,41.26,1.72,0.84,5.73,undervalued,valuation
2026-03-11,AMZN,38.2,20.32,3.9,29.04,11.9,7.68,5.45,overvalued,valuation
2026-03-12,AAPL,50.41,12.76,2.19,15.49,19.17,1.28,3.01,overvalued,valuation
2026-03-12,NVDA,54.61,12.9,2.82,26.51,7.82,7.65,11.79,overvalued,valuation
2026-03-12,TSLA,77.84,13.31,1.14,27.6,14.51,0.27,-4.28,overvalued,valuation
2026-03-12,MSFT,14.86,19.68,1.09,36.48,19.41,7.32,-3.25,overvalued,valuation
2026-03-12,AMZN,75.21,20.01,1.62,20.58,0.85,6.5,-4.52,fair,valuation
2026-03-13,AAPL,75.86,22.35,0.73,6.54,7.61,5.55,10.46,fair,valuation
2026-03-13,NVDA,36.39,12.56,0.64,35.83,12.41,3.41,1.6,overvalued,valuation
2026-03-13,TSLA,31.73,17.49,4.07,12.68,9.34,7.66,-4.29,fair,valuation
2026-03-13,MSFT,65.71,1.48,4.41,17.85,7.67,3.45,9.94,undervalued,valuation
2026-03-13,AMZN,62.74,18.31,2.54,16.63,3.0,7.53,-0.38,fair,valuation
2026-03-16,AAPL,32.55,18.05,4.22,31.74,1.33,0.1,-4.35,overvalued,valuation
2026-03-16,NVDA,63.55,17.31,2.76,4.3,10.68,1.9,-2.4,undervalued,valuation
2026-03-16,TSLA,8.31,18.2,3.71,34.85,4.39,7.67,8.05,undervalued,valuation
2026-03-16,MSFT,44.46,14.2,0.67,34.83,0.56,6.69,2.48,undervalued,valuation
2026-03-16,AMZN,14.85,16.16,3.44,34.5,11.94,3.42,-4.29,overvalued,valuation
2026-03-17,AAPL,26.41,13.21,4.22,27.03,18.29,4.28,3.59,overvalued,valuation
2026-03-17,NVDA,53.55,17.53,3.75,4.26,5.82,3.27,-0.08,fair,valuation
2026-03-17,TSLA,6.29,2.66,1.02,11.79,16.75,3.77,2.37,fair,valuation
2026-03-17,MSFT,8.84,8.58,2.23,3.18,13.26,0.68,4.13,undervalued,valuation
2026-03-17,AMZN,18.14,17.59,0.78,5.43,4.14,7.65,-3.72,fair,valuation
2026-03-18,AAPL,77.37,7.16,3.78,26.58,17.26,5.61,6.28,overvalued,valuation
2026-03-18,NVDA,77.05,7.27,2.21,39.97,3.38,1.7,4.22,fair,valuation
2026-03-18,TSLA,49.62,24.65,2.73,5.66,1.44,7.92,-1.93,fair,valuation
2026-03-18,MSFT,51.04,24.81,3.99,18.98,4.51,4.21,3.7,undervalued,valuation
2026-03-18,AMZN,79.05,5.12,1.28,33.26,5.22,0.14,6.84,fair,valuation
2026-03-19,AAPL,42.55,14.94,0.78,23.95,15.1,3.8,8.61,undervalued,valuation
2026-03-19,NVDA,26.65,4.69,2.47,32.65,16.3,1.61,-3.05,overvalued,valuation
2026-03-19,TSLA,32.04,10.87,1.46,37.97,18.61,1.32,5.05,overvalued,valuation
2026-03-19,MSFT,6.59,12.11,1.8,22.63,11.42,7.67,10.66,undervalued,valuation
2026-03-19,AMZN,78.81,23.15,3.65,19.83,4.59,2.57,3.85,undervalued,valuation
2026-03-20,AAPL,42.14,1.39,3.63,20.37,16.37,1.69,6.11,overvalued,valuation
2026-03-20,NVDA,6.81,8.32,2.25,13.87,1.16,4.73,-0.74,overvalued,valuation
2026-03-20,TSLA,67.3,12.78,0.9,24.34,15.68,4.33,-3.52,fair,valuation
2026-03-20,MSFT,61.43,12.4,1.46,29.91,17.81,7.96,3.39,fair,valuation
2026-03-20,AMZN,40.0,20.27,1.51,9.65,10.69,4.18,7.12,overvalued,valuation
2026-03-23,AAPL,9.05,9.31,3.44,10.97,3.02,7.7,10.75,undervalued,valuation
2026-03-23,NVDA,60.61,12.96,3.43,37.65,5.12,7.91,-4.51,undervalued,valuation
2026-03-23,TSLA,32.5,8.74,3.93,13.0,12.16,7.02,-4.74,fair,valuation
2026-03-23,MSFT,74.13,9.03,0.9,19.22,18.28,6.37,-0.3,undervalued,valuation
2026-03-23,AMZN,65.58,7.19,0.96,17.05,19.91,1.32,6.86,undervalued,valuation
2026-03-24,AAPL,37.85,24.5,3.72,25.67,2.88,4.17,4.24,overvalued,valuation
2026-03-24,NVDA,58.21,20.82,2.21,21.76,14.31,5.11,8.15,fair,valuation
2026-03-24,TSLA,58.3,16.17,1.37,35.84,13.13,5.26,2.28,fair,valuation
2026-03-24,MSFT,73.9,8.94,1.68,7.1,12.11,0.86,-3.7,overvalued,valuation
2026-03-24,AMZN,21.45,6.84,1.53,44.16,16.21,6.82,-4.92,undervalued,valuation
2026-03-25,AAPL,60.84,6.3,2.5,10.44,16.56,4.88,-0.2,overvalued,valuation
2026-03-25,NVDA,20.92,9.84,1.66,22.46,10.01,4.8,-2.94,fair,valuation
2026-03-25,TSLA,40.73,13.85,0.61,6.65,8.28,3.56,2.88,overvalued,valuation
2026-03-25,MSFT,42.02,5.34,1.58,43.24,6.12,7.62,8.62,overvalued,valuation
2026-03-25,AMZN,29.22,10.95,1.31,17.91,12.46,4.38,9.74,fair,valuation
2026-03-26,AAPL,41.45,12.88,1.75,25.61,13.04,3.29,5.64,undervalued,valuation
2026-03-26,NVDA,76.26,6.93,0.5,3.31,13.74,2.3,-1.55,undervalued,valuation
2026-03-26,TSLA,57.68,4.18,1.18,26.53,10.78,0.24,1.37,undervalued,valuation
2026-03-26,MSFT,35.51,11.95,2.64,39.23,14.74,4.0,3.24,undervalued,valuation
2026-03-26,AMZN,70.11,10.01,1.62,12.1,10.36,0.01,2.64,fair,valuation
2026-03-27,AAPL,28.52,9.99,2.13,8.87,5.21,6.68,1.2,undervalued,valuation
2026-03-27,NVDA,64.78,19.44,1.52,21.86,15.6,3.34,2.79,fair,valuation
2026-03-27,TSLA,63.57,10.78,0.31,10.51,7.59,3.91,8.53,overvalued,valuation
2026-03-27,MSFT,60.35,24.85,3.83,14.02,3.75,1.52,2.36,undervalued,valuation
2026-03-27,AMZN,15.83,17.87,0.8,16.59,10.06,7.47,1.03,fair,valuation
2026-03-30,AAPL,7.62,0.73,4.42,22.68,9.18,5.16,0.49,fair,valuation
2026-03-30,NVDA,78.75,10.55,3.26,26.18,8.6,7.16,-4.54,fair,valuation
2026-03-30,TSLA,10.15,5.47,1.21,32.67,11.91,7.07,3.23,undervalued,valuation
2026-03-30,MSFT,27.58,24.24,2.88,15.97,2.26,0.48,11.84,overvalued,valuation
2026-03-30,AMZN,12.74,8.26,1.24,37.52,11.14,1.23,6.33,undervalued,valuation
2026-03-31,AAPL,77.24,1.63,2.94,14.59,19.3,5.97,-3.11,fair,valuation
2026-03-31,NVDA,65.55,16.49,1.38,25.9,9.96,4.47,-3.93,undervalued,valuation
2026-03-31,TSLA,19.54,4.67,1.66,36.69,7.66,2.82,9.11,fair,valuation
2026-03-31,MSFT,21.57,1.2,2.0,37.18,1.56,7.81,11.65,overvalued,valuation
2026-03-31,AMZN,27.59,24.98,3.39,14.42,7.86,0.84,-4.14,overvalued,valuation
2026-04-01,AAPL,31.8,1.12,2.09,8.04,10.06,1.45,7.27,fair,valuation
2026-04-01,NVDA,36.36,18.34,4.06,22.19,13.23,3.24,8.23,fair,valuation
2026-04-01,TSLA,22.51,7.34,0.82,42.89,4.38,2.83,-2.97,undervalued,valuation
2026-04-01,MSFT,74.3,24.89,3.73,8.77,17.2,7.91,-4.8,overvalued,valuation
2026-04-01,AMZN,50.17,19.16,2.42,22.85,14.65,1.62,3.29,overvalued,valuation
2026-04-02,AAPL,53.76,6.81,2.79,15.62,0.53,4.58,-0.77,overvalued,valuation
2026-04-02,NVDA,43.9,14.15,3.11,40.07,1.92,2.6,3.89,overvalued,valuation
2026-04-02,TSLA,51.4,1.51,1.02,35.5,12.08,1.74,-0.83,overvalued,valuation
2026-04-02,MSFT,39.37,21.8,3.04,26.51,4.78,2.37,-4.05,overvalued,valuation
2026-04-02,AMZN,26.62,17.23,3.26,5.74,2.02,0.63,0.04,undervalued,valuation
2026-04-03,AAPL,28.16,3.47,3.03,13.76,14.24,2.19,11.77,undervalued,valuation
2026-04-03,NVDA,15.1,23.8,3.69,38.62,7.19,7.35,10.5,undervalued,valuation
2026-04-03,TSLA,45.78,7.88,2.95,6.76,17.45,3.97,10.17,overvalued,valuation
2026-04-03,MSFT,68.14,2.45,2.71,30.97,18.78,7.28,0.99,overvalued,valuation
2026-04-03,AMZN,65.23,16.41,1.82,17.56,2.36,0.5,0.78,overvalued,valuation
2026-04-06,AAPL,71.21,19.31,4.17,41.3,6.85,7.5,5.29,overvalued,valuation
2026-04-06,NVDA,39.75,17.08,3.56,43.33,6.79,2.8,4.68,fair,valuation
2026-04-06,TSLA,74.42,23.17,3.53,33.32,9.56,1.85,2.9,fair,valuation
2026-04-06,MSFT,59.04,3.33,1.57,4.94,10.12,3.48,10.8,fair,valuation
2026-04-06,AMZN,79.24,9.99,1.72,41.63,6.53,5.15,7.9,overvalued,valuation
2026-04-07,AAPL,35.3,21.25,1.27,24.46,8.01,5.22,4.39,fair,valuation
2026-04-07,NVDA,52.58,10.44,2.23,28.48,4.57,3.45,6.24,overvalued,valuation
2026-04-07,TSLA,68.96,16.58,2.49,26.51,12.92,6.7,-4.39,fair,valuation
2026-04-07,MSFT,48.44,16.54,0.5,35.92,8.45,1.45,11.12,undervalued,valuation
2026-04-07,AMZN,55.82,10.97,4.32,12.05,19.1,5.27,11.95,fair,valuation
2026-04-08,AAPL,36.72,4.52,1.26,38.5,10.64,4.67,0.51,overvalued,valuation
2026-04-08,NVDA,35.95,18.33,4.22,13.98,18.9,0.07,8.06,fair,valuation
2026-04-08,TSLA,65.58,17.45,1.74,33.46,5.39,4.19,-0.35,undervalued,valuation
2026-04-08,MSFT,71.43,11.47,1.42,18.53,15.18,6.91,1.47,fair,valuation
2026-04-08,AMZN,37.72,13.19,4.15,3.87,10.87,4.33,5.8,fair,valuation
2026-04-09,AAPL,22.06,15.88,0.64,34.99,14.63,1.06,-3.32,fair,valuation
2026-04-09,NVDA,75.06,6.77,3.2,8.82,6.84,0.9,11.36,overvalued,valuation
2026-04-09,TSLA,28.36,11.58,3.23,18.31,15.93,0.39,9.12,fair,valuation
2026-04-09,MSFT,78.28,2.45,0.31,28.35,19.59,4.61,10.71,fair,valuation
2026-04-09,AMZN,22.54,3.21,1.66,44.59,16.07,3.71,1.82,fair,valuation
2026-04-10,AAPL,16.21,1.2,0.32,28.32,19.71,4.26,4.25,fair,valuation
2026-04-10,NVDA,22.66,23.0,1.34,32.72,10.36,0.52,-1.76,fair,valuation
2026-04-10,TSLA,16.32,2.84,1.16,9.72,14.94,6.01,7.46,undervalued,valuation
2026-04-10,MSFT,48.28,12.03,3.21,25.02,10.7,5.73,6.13,fair,valuation
2026-04-10,AMZN,15.92,3.37,1.1,24.28,4.57,6.61,7.36,fair,valuation
2026-04-13,AAPL,19.86,23.79,0.88,40.92,12.51,7.45,2.4,fair,valuation
2026-04-13,NVDA,31.55,19.32,4.44,31.52,6.24,3.02,-1.11,undervalued,valuation
2026-04-13,TSLA,48.41,16.91,0.66,18.64,18.48,2.0,11.95,fair,valuation
2026-04-13,MSFT,71.15,5.08,4.01,12.48,10.59,0.49,10.23,fair,valuation
2026-04-13,AMZN,5.2,12.73,4.08,16.75,18.17,5.04,-0.38,overvalued,valuation
2026-04-14,AAPL,79.29,18.96,2.96,39.96,4.24,7.45,10.02,fair,valuation
2026-04-14,NVDA,28.32,22.32,3.9,9.07,3.76,5.64,1.6,fair,valuation
2026-04-14,TSLA,67.78,21.22,1.63,21.24,15.09,6.98,11.11,undervalued,valuation
2026-04-14,MSFT,6.67,11.37,1.15,4.31,19.75,2.6,0.01,undervalued,valuation
2026-04-14,AMZN,13.84,10.28,2.11,32.7,12.25,6.71,9.43,undervalued,valuation
2026-04-15,AAPL,49.43,11.44,3.74,36.29,14.91,1.23,6.41,overvalued,valuation
2026-04-15,NVDA,26.73,18.01,0.89,44.66,8.56,0.98,6.57,undervalued,valuation
2026-04-15,TSLA,77.97,11.06,0.9,14.6,10.06,3.42,-3.83,fair,valuation
2026-04-15,MSFT,13.83,4.19,4.0,21.43,7.63,1.91,-4.38,fair,valuation
2026-04-15,AMZN,43.6,12.66,1.85,24.6,2.91,3.59,-4.18,fair,valuation
2026-04-16,AAPL,36.49,3.53,1.27,4.09,2.75,7.74,0.56,undervalued,valuation
2026-04-16,NVDA,73.15,8.17,4.02,37.31,1.47,3.6,2.25,fair,valuation
2026-04-16,TSLA,53.11,23.63,3.18,32.76,2.11,3.45,3.07,fair,valuation
2026-04-16,MSFT,51.16,24.11,3.37,25.85,16.38,0.75,5.16,fair,valuation
2026-04-16,AMZN,64.05,1.17,0.71,43.86,0.77,7.05,7.78,overvalued,valuation
2026-04-17,AAPL,77.49,7.12,1.21,34.4,4.38,7.14,9.36,overvalued,valuation
2026-04-17,NVDA,78.61,8.01,2.57,17.19,13.34,7.51,5.58,overvalued,valuation
2026-04-17,TSLA,64.73,16.14,1.98,10.99,17.44,4.6,-0.25,fair,valuation
2026-04-17,MSFT,64.02,2.74,0.86,9.91,12.22,2.43,2.16,fair,valuation
2026-04-17,AMZN,64.22,3.44,1.77,11.74,15.6,2.46,10.77,undervalued,valuation
2026-04-20,AAPL,66.18,9.84,4.46,12.82,10.43,2.64,8.42,fair,valuation
2026-04-20,NVDA,29.96,3.51,0.53,30.26,4.86,2.06,9.53,overvalued,valuation
2026-04-20,TSLA,62.42,21.73,3.16,30.54,16.42,0.48,5.98,fair,valuation
2026-04-20,MSFT,34.62,24.58,0.72,41.36,8.77,2.72,3.21,fair,valuation
2026-04-20,AMZN,20.02,8.16,1.79,27.05,16.95,0.51,-2.31,undervalued,valuation
2026-04-21,AAPL,24.33,2.57,3.95,42.09,8.35,4.27,8.42,overvalued,valuation
2026-04-21,NVDA,71.21,22.6,2.06,4.87,2.16,5.5,-1.96,undervalued,valuation
2026-04-21,TSLA,73.41,17.79,4.23,23.78,17.81,3.51,2.62,undervalued,valuation
2026-04-21,MSFT,31.7,2.63,2.46,41.32,15.99,5.47,1.98,undervalued,valuation
2026-04-21,AMZN,16.76,2.69,0.96,14.06,8.75,7.5,0.55,fair,valuation
2026-04-22,AAPL,45.93,4.07,0.72,10.53,3.74,0.71,-3.63,undervalued,valuation
2026-04-22,NVDA,23.26,18.14,1.4,9.62,12.37,4.4,-3.69,undervalued,valuation
2026-04-22,TSLA,51.99,0.68,2.87,38.51,4.34,5.6,2.04,undervalued,valuation
2026-04-22,MSFT,29.39,22.57,1.78,17.32,8.79,3.36,4.34,overvalued,valuation
2026-04-22,AMZN,75.38,12.68,0.34,23.12,4.6,6.97,7.03,undervalued,valuation
2026-04-23,AAPL,59.35,17.05,3.08,9.93,1.01,2.85,10.17,overvalued,valuation
2026-04-23,NVDA,42.13,8.51,2.89,3.69,1.51,3.14,7.62,undervalued,valuation
2026-04-23,TSLA,19.99,22.49,0.83,39.2,11.2,1.01,6.64,undervalued,valuation
2026-04-23,MSFT,48.82,2.97,3.39,35.48,11.81,0.91,-3.3,undervalued,valuation
2026-04-23,AMZN,42.51,6.29,3.82,42.14,16.34,5.92,8.23,overvalued,valuation
2026-04-24,AAPL,47.93,19.21,3.94,44.13,1.48,0.41,11.17,fair,valuation
2026-04-24,NVDA,37.35,18.75,3.21,15.73,6.0,7.17,-1.46,undervalued,valuation
2026-04-24,TSLA,25.94,7.72,4.45,37.83,6.57,4.89,5.8,undervalued,valuation
2026-04-24,MSFT,72.39,22.71,2.8,9.9,0.68,6.77,11.08,overvalued,valuation
2026-04-24,AMZN,30.36,23.14,4.11,41.39,10.49,3.97,4.29,overvalued,valuation
2026-04-27,AAPL,10.42,7.87,2.99,29.54,4.12,6.11,8.61,undervalued,valuation
2026-04-27,NVDA,21.27,13.05,0.69,27.27,8.21,2.88,1.72,undervalued,valuation
2026-04-27,TSLA,14.7,16.96,0.73,23.36,12.94,1.55,-4.3,overvalued,valuation
2026-04-27,MSFT,7.53,14.36,2.16,19.74,11.01,4.14,9.09,fair,valuation
2026-04-27,AMZN,23.25,22.61,4.48,25.26,0.98,7.37,0.26,fair,valuation
2026-04-28,AAPL,62.14,17.38,2.73,31.84,15.34,5.39,11.05,fair,valuation
2026-04-28,NVDA,62.9,23.6,4.29,13.49,17.7,6.09,10.5,fair,valuation
2026-04-28,TSLA,8.39,22.87,3.1,25.89,1.91,1.4,8.21,undervalued,valuation
2026-04-28,MSFT,51.21,22.62,3.85,37.8,3.35,6.84,-0.06,undervalued,valuation
2026-04-28,AMZN,47.02,10.2,3.15,18.85,12.31,1.38,3.95,fair,valuation
2026-04-29,AAPL,47.53,12.51,3.84,24.21,1.49,5.71,5.9,fair,valuation
2026-04-29,NVDA,58.3,19.62,4.19,30.48,1.79,6.89,2.08,undervalued,valuation
2026-04-29,TSLA,31.24,18.34,0.54,27.02,11.5,2.15,-4.47,undervalued,valuation
2026-04-29,MSFT,65.32,8.48,2.02,36.33,9.24,6.05,0.38,fair,valuation
2026-04-29,AMZN,18.19,23.08,2.58,37.26,1.48,1.04,3.41,fair,valuation
2026-04-30,AAPL,72.51,1.34,0.6,43.16,2.89,7.5,4.38,fair,valuation
2026-04-30,NVDA,15.88,19.68,0.59,35.94,19.27,4.57,3.12,fair,valuation
2026-04-30,TSLA,67.77,12.16,4.1,27.26,15.82,5.95,9.18,fair,valuation
2026-04-30,MSFT,68.67,1.48,2.83,35.8,18.43,6.21,4.38,undervalued,valuation
2026-04-30,AMZN,46.1,24.46,3.38,23.16,7.63,7.39,1.5,overvalued,valuation
2026-05-01,AAPL,71.12,12.99,0.51,22.45,10.01,1.75,-0.07,undervalued,valuation
2026-05-01,NVDA,42.63,4.98,2.66,23.78,15.32,5.91,1.12,fair,valuation
2026-05-01,TSLA,23.27,19.16,1.91,35.38,6.64,1.79,9.73,fair,valuation
2026-05-01,MSFT,27.65,21.47,0.51,25.84,4.63,1.38,1.02,undervalued,valuation
2026-05-01,AMZN,68.38,6.19,4.34,15.36,15.1,2.78,8.27,undervalued,valuation
2026-05-04,AAPL,49.46,21.07,3.31,13.18,11.37,6.34,-3.47,overvalued,valuation
2026-05-04,NVDA,59.71,1.05,0.37,22.0,3.35,0.84,3.5,overvalued,valuation
2026-05-04,TSLA,20.97,17.62,2.41,44.66,9.56,0.99,11.59,overvalued,valuation
2026-05-04,MSFT,37.67,8.84,1.08,44.09,9.58,3.92,-1.82,overvalued,valuation
2026-05-04,AMZN,27.75,10.42,3.81,31.31,12.41,5.17,1.55,fair,valuation
2026-05-05,AAPL,38.54,1.36,0.33,35.74,17.27,7.22,9.6,fair,valuation
2026-05-05,NVDA,10.67,15.69,4.14,25.32,3.09,7.95,1.36,fair,valuation
2026-05-05,TSLA,15.42,1.58,0.73,25.19,15.07,5.0,4.19,undervalued,valuation
2026-05-05,MSFT,74.03,6.7,2.7,29.74,13.01,3.25,11.51,fair,valuation
2026-05-05,AMZN,37.44,20.44,4.32,21.02,7.98,4.36,10.95,overvalued,valuation
2026-05-06,AAPL,48.47,3.78,0.85,34.03,19.63,2.06,1.55,overvalued,valuation
2026-05-06,NVDA,29.1,8.96,0.33,14.86,1.05,3.23,7.09,undervalued,valuation
2026-05-06,TSLA,31.96,15.33,0.86,16.92,17.74,6.98,4.9,overvalued,valuation
2026-05-06,MSFT,25.91,14.46,1.98,33.95,15.55,7.09,5.3,overvalued,valuation
2026-05-06,AMZN,12.32,14.86,1.5,17.07,14.54,3.59,-2.4,fair,valuation
2026-05-07,AAPL,49.25,22.46,2.07,24.73,9.47,1.02,6.33,overvalued,valuation
2026-05-07,NVDA,38.46,9.94,4.14,6.05,9.02,4.85,11.48,overvalued,valuation
2026-05-07,TSLA,73.15,22.19,3.28,38.37,3.93,2.55,3.09,overvalued,valuation
2026-05-07,MSFT,27.14,24.29,3.64,14.71,12.4,7.9,3.88,undervalued,valuation
2026-05-07,AMZN,63.82,5.48,1.3,36.51,10.54,1.68,-3.42,fair,valuation
2026-05-08,AAPL,27.22,5.39,4.21,22.57,6.79,7.83,2.91,undervalued,valuation
2026-05-08,NVDA,21.61,5.68,1.49,6.97,17.72,1.28,-0.97,fair,valuation
2026-05-08,TSLA,62.15,1.33,2.79,27.0,15.74,6.93,-0.88,undervalued,valuation
2026-05-08,MSFT,75.33,3.05,1.31,6.58,4.78,7.87,1.56,fair,valuation
2026-05-08,AMZN,53.8,3.4,1.57,13.75,19.42,3.69,9.18,fair,valuation
