headline,impact_score,published_at,category,ticker,source,sentiment_label,urgency,data_type
Fed event impacts volatility,74.37,2025-05-09,earnings,TSLA,CNBC,neutral,high,news
Fed event impacts volatility,25.18,2025-05-09,ai,SPY,Reuters,neutral,medium,news
Fed event impacts volatility,36.44,2025-05-12,earnings,SPY,Bloomberg,negative,medium,news
Bitcoin event impacts volatility,70.08,2025-05-12,fed,NVDA,CNBC,negative,low,news
Market event impacts volatility,96.47,2025-05-13,earnings,TSLA,CNBC,neutral,high,news
AI event impacts volatility,35.5,2025-05-13,fed,TSLA,Bloomberg,positive,high,news
ETF event impacts volatility,78.48,2025-05-14,fed,SPY,Reuters,positive,medium,news
ETF event impacts volatility,53.91,2025-05-14,fed,SPY,Bloomberg,neutral,high,news
Bitcoin event impacts volatility,72.37,2025-05-15,fed,SPY,CNBC,neutral,low,news
AI event impacts volatility,79.38,2025-05-15,macro,BTC,Reuters,negative,low,news
Market event impacts volatility,34.44,2025-05-16,macro,NVDA,CNBC,negative,medium,news
AI event impacts volatility,70.65,2025-05-16,fed,NVDA,CNBC,neutral,medium,news
Market event impacts volatility,32.14,2025-05-19,macro,NVDA,CNBC,positive,low,news
Bitcoin event impacts volatility,83.28,2025-05-19,ai,SPY,CNBC,neutral,low,news
ETF event impacts volatility,56.26,2025-05-20,earnings,TSLA,Reuters,positive,medium,news
ETF event impacts volatility,68.24,2025-05-20,crypto,SPY,CNBC,negative,low,news
Bitcoin event impacts volatility,35.76,2025-05-21,crypto,TSLA,Reuters,neutral,low,news
Bitcoin event impacts volatility,74.96,2025-05-21,crypto,NVDA,Bloomberg,neutral,low,news
Fed event impacts volatility,61.44,2025-05-22,fed,TSLA,CNBC,negative,high,news
ETF event impacts volatility,43.19,2025-05-22,fed,TSLA,Bloomberg,negative,high,news
Bitcoin event impacts volatility,5.6,2025-05-23,crypto,TSLA,Reuters,negative,high,news
Market event impacts volatility,60.57,2025-05-23,macro,BTC,Reuters,neutral,high,news
ETF event impacts volatility,98.3,2025-05-26,crypto,SPY,Bloomberg,positive,medium,news
Market event impacts volatility,79.81,2025-05-26,crypto,TSLA,CNBC,positive,medium,news
Market event impacts volatility,67.2,2025-05-27,crypto,NVDA,Bloomberg,positive,medium,news
ETF event impacts volatility,16.07,2025-05-27,ai,BTC,Reuters,neutral,low,news
Bitcoin event impacts volatility,14.64,2025-05-28,ai,TSLA,Bloomberg,negative,medium,news
Market event impacts volatility,5.02,2025-05-28,earnings,NVDA,Reuters,positive,low,news
Fed event impacts volatility,53.3,2025-05-29,earnings,BTC,Bloomberg,positive,low,news
Bitcoin event impacts volatility,52.65,2025-05-29,fed,SPY,Reuters,neutral,high,news
AI event impacts volatility,84.89,2025-05-30,ai,NVDA,Reuters,positive,low,news
ETF event impacts volatility,67.23,2025-05-30,fed,NVDA,Bloomberg,negative,low,news
AI event impacts volatility,73.52,2025-06-02,fed,NVDA,Reuters,neutral,medium,news
Bitcoin event impacts volatility,72.74,2025-06-02,macro,SPY,Reuters,negative,medium,news
AI event impacts volatility,39.47,2025-06-03,ai,TSLA,Reuters,negative,medium,news
Fed event impacts volatility,8.97,2025-06-03,fed,SPY,Bloomberg,positive,low,news
Bitcoin event impacts volatility,27.85,2025-06-04,earnings,NVDA,Reuters,positive,medium,news
Fed event impacts volatility,27.51,2025-06-04,macro,TSLA,Bloomberg,negative,high,news
ETF event impacts volatility,58.64,2025-06-05,ai,NVDA,Reuters,positive,medium,news
Market event impacts volatility,9.9,2025-06-05,fed,NVDA,Bloomberg,negative,high,news
Market event impacts volatility,64.85,2025-06-06,crypto,SPY,Bloomberg,positive,low,news
ETF event impacts volatility,66.05,2025-06-06,macro,NVDA,CNBC,positive,low,news
Fed event impacts volatility,64.72,2025-06-09,macro,SPY,Bloomberg,positive,medium,news
AI event impacts volatility,26.83,2025-06-09,macro,TSLA,Reuters,positive,low,news
AI event impacts volatility,37.98,2025-06-10,macro,BTC,CNBC,positive,high,news
AI event impacts volatility,1.72,2025-06-10,crypto,TSLA,Reuters,neutral,low,news
Market event impacts volatility,39.82,2025-06-11,macro,TSLA,Reuters,positive,high,news
AI event impacts volatility,25.17,2025-06-11,macro,SPY,Reuters,neutral,high,news
AI event impacts volatility,88.19,2025-06-12,ai,SPY,Reuters,neutral,high,news
Fed event impacts volatility,51.91,2025-06-12,fed,NVDA,Bloomberg,negative,medium,news
Market event impacts volatility,76.59,2025-06-13,ai,TSLA,CNBC,positive,medium,news
Fed event impacts volatility,18.72,2025-06-13,earnings,NVDA,Bloomberg,neutral,high,news
Bitcoin event impacts volatility,25.44,2025-06-16,fed,BTC,CNBC,positive,medium,news
AI event impacts volatility,83.65,2025-06-16,earnings,NVDA,Reuters,neutral,high,news
Bitcoin event impacts volatility,66.21,2025-06-17,earnings,TSLA,Bloomberg,positive,low,news
Fed event impacts volatility,12.16,2025-06-17,earnings,TSLA,CNBC,positive,medium,news
Market event impacts volatility,38.51,2025-06-18,ai,TSLA,Bloomberg,positive,low,news
Bitcoin event impacts volatility,71.34,2025-06-18,earnings,BTC,Bloomberg,positive,low,news
Market event impacts volatility,9.62,2025-06-19,ai,SPY,Bloomberg,neutral,low,news
Bitcoin event impacts volatility,0.68,2025-06-19,macro,TSLA,Reuters,neutral,low,news
ETF event impacts volatility,2.37,2025-06-20,crypto,TSLA,CNBC,positive,high,news
ETF event impacts volatility,42.82,2025-06-20,crypto,NVDA,Bloomberg,positive,medium,news
Bitcoin event impacts volatility,1.46,2025-06-23,earnings,TSLA,CNBC,positive,high,news
Market event impacts volatility,44.29,2025-06-23,fed,BTC,Bloomberg,neutral,medium,news
Market event impacts volatility,83.34,2025-06-24,fed,SPY,Reuters,negative,low,news
Fed event impacts volatility,6.7,2025-06-24,earnings,SPY,Reuters,neutral,medium,news
Market event impacts volatility,95.68,2025-06-25,ai,BTC,Reuters,negative,low,news
AI event impacts volatility,45.53,2025-06-25,earnings,BTC,Reuters,positive,high,news
AI event impacts volatility,1.05,2025-06-26,crypto,NVDA,Bloomberg,neutral,high,news
Fed event impacts volatility,26.8,2025-06-26,crypto,BTC,Reuters,positive,high,news
Fed event impacts volatility,41.05,2025-06-27,crypto,TSLA,CNBC,negative,high,news
Fed event impacts volatility,18.14,2025-06-27,earnings,NVDA,Bloomberg,neutral,medium,news
AI event impacts volatility,90.46,2025-06-30,crypto,NVDA,Bloomberg,negative,low,news
AI event impacts volatility,47.08,2025-06-30,earnings,BTC,Reuters,neutral,low,news
ETF event impacts volatility,11.17,2025-07-01,crypto,BTC,Bloomberg,positive,medium,news
Market event impacts volatility,68.36,2025-07-01,ai,BTC,Bloomberg,positive,high,news
Bitcoin event impacts volatility,80.07,2025-07-02,earnings,SPY,Bloomberg,negative,medium,news
AI event impacts volatility,64.62,2025-07-02,fed,TSLA,Reuters,neutral,medium,news
Bitcoin event impacts volatility,59.65,2025-07-03,fed,NVDA,Bloomberg,negative,high,news
Market event impacts volatility,96.25,2025-07-03,ai,SPY,CNBC,positive,low,news
Market event impacts volatility,11.53,2025-07-04,earnings,TSLA,Bloomberg,positive,medium,news
Market event impacts volatility,29.86,2025-07-04,fed,BTC,Bloomberg,negative,low,news
Bitcoin event impacts volatility,9.52,2025-07-07,macro,BTC,CNBC,positive,high,news
ETF event impacts volatility,30.73,2025-07-07,ai,SPY,Reuters,negative,medium,news
ETF event impacts volatility,15.46,2025-07-08,fed,SPY,Reuters,neutral,medium,news
AI event impacts volatility,59.4,2025-07-08,fed,BTC,CNBC,neutral,low,news
Market event impacts volatility,53.56,2025-07-09,crypto,TSLA,Bloomberg,neutral,high,news
ETF event impacts volatility,32.44,2025-07-09,earnings,SPY,Bloomberg,negative,low,news
ETF event impacts volatility,1.62,2025-07-10,fed,NVDA,Bloomberg,neutral,high,news
Market event impacts volatility,78.44,2025-07-10,crypto,NVDA,Reuters,positive,medium,news
Fed event impacts volatility,43.67,2025-07-11,fed,NVDA,Reuters,neutral,high,news
Bitcoin event impacts volatility,62.86,2025-07-11,fed,SPY,Reuters,positive,high,news
Bitcoin event impacts volatility,19.79,2025-07-14,macro,BTC,Bloomberg,positive,low,news
Fed event impacts volatility,17.45,2025-07-14,macro,BTC,Bloomberg,neutral,low,news
Fed event impacts volatility,1.6,2025-07-15,earnings,NVDA,CNBC,neutral,medium,news
Bitcoin event impacts volatility,51.37,2025-07-15,ai,BTC,CNBC,negative,high,news
ETF event impacts volatility,58.66,2025-07-16,earnings,NVDA,Bloomberg,neutral,low,news
AI event impacts volatility,49.16,2025-07-16,crypto,TSLA,Reuters,negative,high,news
AI event impacts volatility,0.75,2025-07-17,earnings,NVDA,Bloomberg,positive,medium,news
Bitcoin event impacts volatility,43.11,2025-07-17,macro,SPY,Reuters,neutral,high,news
ETF event impacts volatility,49.34,2025-07-18,macro,TSLA,CNBC,neutral,high,news
Bitcoin event impacts volatility,49.66,2025-07-18,ai,NVDA,Bloomberg,neutral,low,news
Fed event impacts volatility,57.11,2025-07-21,fed,TSLA,Reuters,positive,low,news
Market event impacts volatility,92.04,2025-07-21,earnings,NVDA,Bloomberg,positive,medium,news
Fed event impacts volatility,7.4,2025-07-22,macro,SPY,Reuters,positive,medium,news
AI event impacts volatility,12.04,2025-07-22,fed,NVDA,Bloomberg,neutral,medium,news
ETF event impacts volatility,28.42,2025-07-23,fed,SPY,Bloomberg,neutral,medium,news
ETF event impacts volatility,89.36,2025-07-23,macro,SPY,CNBC,positive,low,news
AI event impacts volatility,25.34,2025-07-24,macro,TSLA,Bloomberg,positive,medium,news
AI event impacts volatility,75.48,2025-07-24,fed,SPY,Reuters,positive,high,news
Market event impacts volatility,50.3,2025-07-25,crypto,TSLA,Bloomberg,negative,low,news
ETF event impacts volatility,57.35,2025-07-25,ai,NVDA,Bloomberg,positive,low,news
Fed event impacts volatility,42.38,2025-07-28,macro,BTC,Reuters,neutral,medium,news
ETF event impacts volatility,22.28,2025-07-28,ai,TSLA,Bloomberg,negative,high,news
Market event impacts volatility,14.86,2025-07-29,ai,SPY,Bloomberg,negative,low,news
AI event impacts volatility,40.42,2025-07-29,crypto,BTC,Bloomberg,negative,low,news
ETF event impacts volatility,99.12,2025-07-30,ai,BTC,Reuters,negative,low,news
AI event impacts volatility,15.09,2025-07-30,ai,TSLA,CNBC,positive,medium,news
Market event impacts volatility,68.53,2025-07-31,macro,TSLA,CNBC,neutral,low,news
AI event impacts volatility,63.93,2025-07-31,ai,SPY,CNBC,positive,medium,news
Fed event impacts volatility,57.14,2025-08-01,fed,NVDA,Reuters,positive,medium,news
ETF event impacts volatility,78.83,2025-08-01,crypto,SPY,Bloomberg,neutral,high,news
AI event impacts volatility,98.03,2025-08-04,earnings,BTC,Bloomberg,neutral,medium,news
Market event impacts volatility,46.71,2025-08-04,fed,SPY,Bloomberg,positive,medium,news
ETF event impacts volatility,88.11,2025-08-05,macro,NVDA,Reuters,neutral,low,news
Fed event impacts volatility,78.18,2025-08-05,earnings,BTC,Bloomberg,positive,low,news
Fed event impacts volatility,90.83,2025-08-06,crypto,BTC,CNBC,positive,high,news
ETF event impacts volatility,43.99,2025-08-06,macro,TSLA,Reuters,positive,high,news
Market event impacts volatility,3.91,2025-08-07,macro,SPY,CNBC,positive,high,news
AI event impacts volatility,59.05,2025-08-07,macro,BTC,CNBC,negative,low,news
Fed event impacts volatility,34.3,2025-08-08,fed,TSLA,Bloomberg,positive,medium,news
Fed event impacts volatility,38.32,2025-08-08,macro,NVDA,Reuters,negative,low,news
AI event impacts volatility,21.12,2025-08-11,crypto,SPY,Bloomberg,negative,high,news
ETF event impacts volatility,5.58,2025-08-11,earnings,SPY,Reuters,positive,medium,news
Fed event impacts volatility,33.17,2025-08-12,earnings,NVDA,Bloomberg,positive,medium,news
AI event impacts volatility,8.04,2025-08-12,crypto,SPY,Bloomberg,positive,medium,news
Market event impacts volatility,69.38,2025-08-13,macro,TSLA,Bloomberg,positive,medium,news
ETF event impacts volatility,41.22,2025-08-13,crypto,BTC,Reuters,negative,high,news
Bitcoin event impacts volatility,73.8,2025-08-14,earnings,TSLA,CNBC,negative,low,news
Fed event impacts volatility,12.04,2025-08-14,fed,TSLA,CNBC,negative,medium,news
Market event impacts volatility,3.48,2025-08-15,ai,SPY,Reuters,neutral,medium,news
Market event impacts volatility,19.44,2025-08-15,fed,TSLA,Bloomberg,neutral,high,news
AI event impacts volatility,54.36,2025-08-18,fed,BTC,CNBC,neutral,high,news
ETF event impacts volatility,71.38,2025-08-18,crypto,TSLA,CNBC,positive,high,news
Fed event impacts volatility,6.06,2025-08-19,macro,BTC,Reuters,negative,medium,news
AI event impacts volatility,45.58,2025-08-19,earnings,BTC,CNBC,positive,low,news
AI event impacts volatility,98.69,2025-08-20,macro,NVDA,Reuters,positive,medium,news
Fed event impacts volatility,53.14,2025-08-20,crypto,NVDA,Bloomberg,negative,high,news
ETF event impacts volatility,74.29,2025-08-21,crypto,BTC,CNBC,neutral,high,news
AI event impacts volatility,78.76,2025-08-21,ai,TSLA,Bloomberg,neutral,medium,news
Bitcoin event impacts volatility,91.74,2025-08-22,fed,SPY,CNBC,negative,medium,news
Fed event impacts volatility,23.97,2025-08-22,ai,NVDA,Bloomberg,positive,high,news
Fed event impacts volatility,70.9,2025-08-25,fed,SPY,CNBC,positive,high,news
Fed event impacts volatility,77.48,2025-08-25,fed,BTC,Bloomberg,negative,high,news
Bitcoin event impacts volatility,27.22,2025-08-26,fed,BTC,Bloomberg,negative,low,news
ETF event impacts volatility,66.83,2025-08-26,ai,NVDA,Reuters,positive,high,news
Fed event impacts volatility,17.22,2025-08-27,crypto,BTC,CNBC,neutral,high,news
AI event impacts volatility,73.91,2025-08-27,macro,TSLA,CNBC,negative,medium,news
Fed event impacts volatility,90.47,2025-08-28,macro,SPY,CNBC,negative,low,news
Fed event impacts volatility,1.98,2025-08-28,macro,NVDA,Bloomberg,neutral,high,news
AI event impacts volatility,94.11,2025-08-29,crypto,TSLA,CNBC,neutral,high,news
ETF event impacts volatility,0.48,2025-08-29,macro,NVDA,CNBC,negative,medium,news
AI event impacts volatility,57.75,2025-09-01,fed,NVDA,Bloomberg,negative,medium,news
AI event impacts volatility,73.52,2025-09-01,earnings,TSLA,Reuters,neutral,low,news
Market event impacts volatility,25.68,2025-09-02,ai,TSLA,Bloomberg,neutral,medium,news
Bitcoin event impacts volatility,35.34,2025-09-02,earnings,TSLA,Bloomberg,positive,medium,news
AI event impacts volatility,50.23,2025-09-03,crypto,NVDA,CNBC,positive,low,news
AI event impacts volatility,35.46,2025-09-03,crypto,TSLA,CNBC,negative,high,news
Bitcoin event impacts volatility,81.94,2025-09-04,crypto,TSLA,Reuters,neutral,medium,news
AI event impacts volatility,53.95,2025-09-04,earnings,SPY,CNBC,neutral,low,news
Fed event impacts volatility,17.01,2025-09-05,ai,NVDA,CNBC,negative,medium,news
Fed event impacts volatility,6.83,2025-09-05,fed,BTC,Bloomberg,neutral,low,news
Fed event impacts volatility,94.75,2025-09-08,macro,SPY,CNBC,positive,low,news
Bitcoin event impacts volatility,39.44,2025-09-08,fed,SPY,Bloomberg,neutral,low,news
Bitcoin event impacts volatility,30.96,2025-09-09,macro,TSLA,Reuters,neutral,high,news
Fed event impacts volatility,35.0,2025-09-09,crypto,BTC,CNBC,negative,medium,news
Fed event impacts volatility,80.8,2025-09-10,macro,BTC,CNBC,positive,medium,news
ETF event impacts volatility,88.24,2025-09-10,earnings,SPY,Bloomberg,neutral,medium,news
Bitcoin event impacts volatility,3.84,2025-09-11,macro,BTC,Reuters,positive,low,news
Bitcoin event impacts volatility,54.07,2025-09-11,crypto,NVDA,Bloomberg,negative,low,news
ETF event impacts volatility,73.37,2025-09-12,ai,SPY,CNBC,positive,high,news
Fed event impacts volatility,19.72,2025-09-12,macro,SPY,Bloomberg,positive,low,news
Fed event impacts volatility,77.19,2025-09-15,earnings,TSLA,CNBC,neutral,high,news
Bitcoin event impacts volatility,27.29,2025-09-15,fed,BTC,Reuters,neutral,low,news
AI event impacts volatility,13.89,2025-09-16,crypto,TSLA,CNBC,positive,low,news
AI event impacts volatility,98.86,2025-09-16,macro,TSLA,CNBC,positive,low,news
Market event impacts volatility,7.32,2025-09-17,ai,TSLA,CNBC,positive,medium,news
AI event impacts volatility,66.03,2025-09-17,macro,TSLA,Bloomberg,negative,medium,news
Bitcoin event impacts volatility,86.34,2025-09-18,crypto,TSLA,Reuters,negative,high,news
Fed event impacts volatility,2.8,2025-09-18,macro,NVDA,Reuters,negative,low,news
Fed event impacts volatility,61.41,2025-09-19,fed,SPY,Reuters,positive,medium,news
AI event impacts volatility,82.73,2025-09-19,crypto,BTC,CNBC,negative,high,news
Market event impacts volatility,87.09,2025-09-22,crypto,BTC,CNBC,positive,medium,news
Market event impacts volatility,59.63,2025-09-22,crypto,BTC,Bloomberg,neutral,medium,news
Bitcoin event impacts volatility,53.01,2025-09-23,fed,SPY,Bloomberg,positive,medium,news
AI event impacts volatility,47.51,2025-09-23,ai,NVDA,Reuters,negative,high,news
Market event impacts volatility,18.84,2025-09-24,ai,NVDA,CNBC,neutral,low,news
ETF event impacts volatility,3.9,2025-09-24,crypto,BTC,Bloomberg,negative,high,news
Bitcoin event impacts volatility,27.5,2025-09-25,fed,SPY,Bloomberg,negative,medium,news
Market event impacts volatility,81.15,2025-09-25,ai,BTC,Bloomberg,negative,medium,news
AI event impacts volatility,7.37,2025-09-26,fed,NVDA,CNBC,neutral,low,news
Market event impacts volatility,35.54,2025-09-26,ai,NVDA,Bloomberg,neutral,low,news
Market event impacts volatility,77.04,2025-09-29,crypto,TSLA,CNBC,neutral,low,news
ETF event impacts volatility,42.86,2025-09-29,macro,BTC,CNBC,neutral,high,news
Fed event impacts volatility,24.14,2025-09-30,fed,SPY,Bloomberg,positive,high,news
ETF event impacts volatility,62.33,2025-09-30,earnings,BTC,CNBC,neutral,high,news
Market event impacts volatility,28.81,2025-10-01,macro,BTC,Bloomberg,negative,low,news
Bitcoin event impacts volatility,15.51,2025-10-01,fed,TSLA,Reuters,negative,high,news
Bitcoin event impacts volatility,54.41,2025-10-02,crypto,TSLA,CNBC,negative,medium,news
ETF event impacts volatility,2.06,2025-10-02,macro,SPY,CNBC,negative,low,news
ETF event impacts volatility,41.38,2025-10-03,fed,TSLA,Bloomberg,negative,high,news
AI event impacts volatility,44.52,2025-10-03,crypto,SPY,Bloomberg,negative,medium,news
Fed event impacts volatility,2.63,2025-10-06,crypto,TSLA,CNBC,positive,medium,news
Market event impacts volatility,99.3,2025-10-06,ai,BTC,Reuters,neutral,low,news
Fed event impacts volatility,72.83,2025-10-07,ai,TSLA,CNBC,negative,medium,news
Fed event impacts volatility,54.26,2025-10-07,fed,NVDA,Reuters,neutral,high,news
ETF event impacts volatility,82.88,2025-10-08,ai,SPY,CNBC,neutral,medium,news
Fed event impacts volatility,25.43,2025-10-08,ai,SPY,Bloomberg,negative,high,news
Fed event impacts volatility,13.55,2025-10-09,crypto,SPY,Bloomberg,negative,high,news
AI event impacts volatility,64.08,2025-10-09,macro,SPY,Reuters,neutral,medium,news
Bitcoin event impacts volatility,11.27,2025-10-10,crypto,SPY,Bloomberg,neutral,low,news
AI event impacts volatility,1.45,2025-10-10,macro,NVDA,CNBC,negative,medium,news
Market event impacts volatility,9.6,2025-10-13,crypto,SPY,CNBC,neutral,high,news
Market event impacts volatility,66.71,2025-10-13,crypto,BTC,Bloomberg,positive,medium,news
Market event impacts volatility,44.08,2025-10-14,macro,BTC,CNBC,positive,medium,news
Bitcoin event impacts volatility,85.01,2025-10-14,crypto,NVDA,Reuters,neutral,high,news
Market event impacts volatility,26.05,2025-10-15,fed,TSLA,Reuters,neutral,medium,news
Bitcoin event impacts volatility,3.63,2025-10-15,macro,TSLA,Reuters,positive,medium,news
Fed event impacts volatility,95.86,2025-10-16,crypto,NVDA,Reuters,negative,low,news
AI event impacts volatility,74.14,2025-10-16,crypto,BTC,Reuters,neutral,low,news
Fed event impacts volatility,45.19,2025-10-17,earnings,SPY,Bloomberg,positive,medium,news
ETF event impacts volatility,33.52,2025-10-17,earnings,NVDA,Reuters,neutral,low,news
Market event impacts volatility,71.19,2025-10-20,fed,NVDA,Reuters,negative,medium,news
Market event impacts volatility,34.45,2025-10-20,macro,BTC,Reuters,positive,medium,news
Fed event impacts volatility,38.87,2025-10-21,fed,TSLA,Bloomberg,neutral,medium,news
ETF event impacts volatility,10.29,2025-10-21,earnings,NVDA,Bloomberg,negative,low,news
Fed event impacts volatility,6.07,2025-10-22,earnings,NVDA,Bloomberg,negative,medium,news
ETF event impacts volatility,71.47,2025-10-22,crypto,SPY,CNBC,positive,high,news
AI event impacts volatility,80.28,2025-10-23,ai,NVDA,CNBC,neutral,medium,news
AI event impacts volatility,91.3,2025-10-23,crypto,SPY,CNBC,neutral,low,news
Bitcoin event impacts volatility,67.48,2025-10-24,ai,SPY,CNBC,positive,low,news
Bitcoin event impacts volatility,61.39,2025-10-24,ai,BTC,CNBC,positive,low,news
AI event impacts volatility,56.27,2025-10-27,ai,SPY,Bloomberg,positive,low,news
Fed event impacts volatility,8.86,2025-10-27,crypto,TSLA,Reuters,negative,high,news
Fed event impacts volatility,59.58,2025-10-28,crypto,BTC,CNBC,negative,medium,news
Market event impacts volatility,26.65,2025-10-28,macro,NVDA,Reuters,neutral,medium,news
Fed event impacts volatility,45.88,2025-10-29,earnings,SPY,CNBC,positive,medium,news
Fed event impacts volatility,35.47,2025-10-29,fed,BTC,Bloomberg,positive,low,news
Fed event impacts volatility,72.42,2025-10-30,macro,TSLA,Reuters,positive,high,news
AI event impacts volatility,63.99,2025-10-30,earnings,BTC,Reuters,negative,high,news
Bitcoin event impacts volatility,51.16,2025-10-31,ai,BTC,Reuters,negative,medium,news
AI event impacts volatility,72.26,2025-10-31,ai,TSLA,Reuters,positive,high,news
Market event impacts volatility,12.85,2025-11-03,fed,NVDA,CNBC,neutral,high,news
AI event impacts volatility,34.04,2025-11-03,crypto,SPY,Bloomberg,negative,low,news
Market event impacts volatility,30.34,2025-11-04,fed,NVDA,Bloomberg,neutral,medium,news
Fed event impacts volatility,35.15,2025-11-04,crypto,NVDA,CNBC,neutral,high,news
ETF event impacts volatility,87.57,2025-11-05,ai,TSLA,CNBC,negative,medium,news
ETF event impacts volatility,49.66,2025-11-05,ai,TSLA,Bloomberg,neutral,high,news
Market event impacts volatility,13.12,2025-11-06,macro,TSLA,Reuters,neutral,medium,news
Fed event impacts volatility,26.97,2025-11-06,fed,SPY,Bloomberg,neutral,low,news
Market event impacts volatility,47.61,2025-11-07,crypto,BTC,Bloomberg,positive,high,news
Bitcoin event impacts volatility,84.01,2025-11-07,earnings,NVDA,Bloomberg,positive,high,news
Fed event impacts volatility,35.67,2025-11-10,ai,SPY,Bloomberg,positive,low,news
Fed event impacts volatility,5.61,2025-11-10,fed,TSLA,Bloomberg,positive,low,news
Bitcoin event impacts volatility,80.0,2025-11-11,ai,SPY,Reuters,positive,high,news
Market event impacts volatility,65.78,2025-11-11,fed,TSLA,CNBC,negative,low,news
Market event impacts volatility,48.86,2025-11-12,earnings,TSLA,CNBC,positive,high,news
Fed event impacts volatility,4.78,2025-11-12,macro,SPY,CNBC,negative,high,news
ETF event impacts volatility,60.66,2025-11-13,fed,NVDA,Bloomberg,negative,high,news
Market event impacts volatility,90.52,2025-11-13,crypto,BTC,Bloomberg,positive,low,news
Bitcoin event impacts volatility,72.71,2025-11-14,earnings,TSLA,CNBC,negative,high,news
Market event impacts volatility,62.79,2025-11-14,macro,TSLA,Bloomberg,neutral,high,news
AI event impacts volatility,12.42,2025-11-17,macro,TSLA,Reuters,neutral,medium,news
AI event impacts volatility,29.15,2025-11-17,earnings,TSLA,CNBC,negative,medium,news
Bitcoin event impacts volatility,93.07,2025-11-18,fed,BTC,Bloomberg,positive,medium,news
AI event impacts volatility,75.7,2025-11-18,crypto,SPY,Reuters,positive,low,news
AI event impacts volatility,23.33,2025-11-19,earnings,SPY,CNBC,negative,medium,news
ETF event impacts volatility,31.61,2025-11-19,earnings,TSLA,Reuters,positive,high,news
Market event impacts volatility,56.51,2025-11-20,ai,TSLA,CNBC,neutral,low,news
Bitcoin event impacts volatility,50.13,2025-11-20,ai,BTC,CNBC,neutral,medium,news
ETF event impacts volatility,21.91,2025-11-21,earnings,NVDA,CNBC,negative,medium,news
AI event impacts volatility,42.37,2025-11-21,crypto,NVDA,Bloomberg,negative,low,news
ETF event impacts volatility,60.71,2025-11-24,crypto,BTC,Reuters,positive,high,news
Bitcoin event impacts volatility,27.86,2025-11-24,ai,NVDA,Reuters,neutral,high,news
AI event impacts volatility,63.16,2025-11-25,ai,SPY,Reuters,negative,low,news
Market event impacts volatility,69.01,2025-11-25,fed,BTC,CNBC,neutral,high,news
AI event impacts volatility,77.78,2025-11-26,fed,NVDA,CNBC,negative,high,news
Fed event impacts volatility,72.39,2025-11-26,ai,NVDA,Reuters,positive,medium,news
Fed event impacts volatility,86.56,2025-11-27,earnings,BTC,Bloomberg,neutral,medium,news
Fed event impacts volatility,94.22,2025-11-27,ai,TSLA,CNBC,positive,high,news
Bitcoin event impacts volatility,28.79,2025-11-28,earnings,NVDA,CNBC,positive,medium,news
ETF event impacts volatility,12.49,2025-11-28,ai,TSLA,Bloomberg,neutral,medium,news
ETF event impacts volatility,45.35,2025-12-01,earnings,TSLA,Bloomberg,negative,medium,news
Fed event impacts volatility,80.82,2025-12-01,macro,TSLA,Reuters,negative,medium,news
ETF event impacts volatility,56.14,2025-12-02,earnings,BTC,Reuters,neutral,low,news
Bitcoin event impacts volatility,54.95,2025-12-02,crypto,SPY,CNBC,positive,high,news
AI event impacts volatility,96.79,2025-12-03,crypto,NVDA,CNBC,positive,medium,news
Bitcoin event impacts volatility,74.2,2025-12-03,ai,NVDA,Reuters,negative,medium,news
Fed event impacts volatility,45.65,2025-12-04,earnings,SPY,CNBC,negative,medium,news
Bitcoin event impacts volatility,93.19,2025-12-04,crypto,NVDA,CNBC,positive,high,news
AI event impacts volatility,69.31,2025-12-05,fed,BTC,Bloomberg,neutral,low,news
AI event impacts volatility,57.31,2025-12-05,ai,BTC,Bloomberg,positive,high,news
ETF event impacts volatility,94.11,2025-12-08,fed,BTC,Reuters,negative,medium,news
Bitcoin event impacts volatility,12.69,2025-12-08,fed,NVDA,CNBC,neutral,medium,news
ETF event impacts volatility,47.81,2025-12-09,crypto,NVDA,Reuters,positive,medium,news
Bitcoin event impacts volatility,60.56,2025-12-09,ai,SPY,CNBC,neutral,high,news
AI event impacts volatility,11.12,2025-12-10,earnings,SPY,CNBC,positive,high,news
Fed event impacts volatility,90.03,2025-12-10,earnings,NVDA,Reuters,positive,low,news
AI event impacts volatility,97.86,2025-12-11,crypto,BTC,CNBC,negative,high,news
ETF event impacts volatility,94.27,2025-12-11,crypto,BTC,CNBC,positive,low,news
Bitcoin event impacts volatility,80.34,2025-12-12,fed,SPY,Bloomberg,neutral,medium,news
AI event impacts volatility,28.98,2025-12-12,crypto,BTC,Bloomberg,positive,high,news
Market event impacts volatility,49.2,2025-12-15,crypto,NVDA,Bloomberg,neutral,high,news
Bitcoin event impacts volatility,81.83,2025-12-15,macro,NVDA,Bloomberg,neutral,medium,news
AI event impacts volatility,98.21,2025-12-16,crypto,NVDA,Bloomberg,neutral,high,news
AI event impacts volatility,50.38,2025-12-16,crypto,TSLA,Reuters,negative,low,news
Bitcoin event impacts volatility,19.19,2025-12-17,ai,BTC,Reuters,positive,medium,news
AI event impacts volatility,8.68,2025-12-17,macro,BTC,Bloomberg,positive,medium,news
Fed event impacts volatility,76.79,2025-12-18,macro,SPY,Reuters,neutral,medium,news
ETF event impacts volatility,57.39,2025-12-18,ai,SPY,Reuters,negative,high,news
Bitcoin event impacts volatility,38.8,2025-12-19,macro,NVDA,Bloomberg,negative,low,news
Fed event impacts volatility,36.99,2025-12-19,fed,SPY,CNBC,negative,medium,news
Fed event impacts volatility,93.63,2025-12-22,crypto,BTC,Bloomberg,negative,low,news
Fed event impacts volatility,84.48,2025-12-22,fed,TSLA,Bloomberg,neutral,medium,news
Fed event impacts volatility,87.44,2025-12-23,crypto,TSLA,CNBC,neutral,low,news
ETF event impacts volatility,58.79,2025-12-23,fed,NVDA,CNBC,neutral,high,news
Market event impacts volatility,64.02,2025-12-24,macro,BTC,Bloomberg,positive,medium,news
Bitcoin event impacts volatility,32.98,2025-12-24,fed,TSLA,CNBC,negative,high,news
Market event impacts volatility,59.39,2025-12-25,macro,SPY,Reuters,neutral,medium,news
Bitcoin event impacts volatility,27.96,2025-12-25,macro,TSLA,CNBC,neutral,low,news
Bitcoin event impacts volatility,15.4,2025-12-26,ai,NVDA,CNBC,positive,low,news
AI event impacts volatility,64.71,2025-12-26,macro,SPY,Bloomberg,neutral,medium,news
AI event impacts volatility,31.35,2025-12-29,fed,BTC,CNBC,positive,medium,news
Bitcoin event impacts volatility,21.47,2025-12-29,macro,TSLA,CNBC,negative,high,news
Market event impacts volatility,66.59,2025-12-30,macro,SPY,Reuters,positive,high,news
AI event impacts volatility,1.79,2025-12-30,ai,SPY,CNBC,negative,medium,news
Fed event impacts volatility,51.06,2025-12-31,fed,SPY,CNBC,neutral,low,news
Bitcoin event impacts volatility,17.62,2025-12-31,crypto,SPY,Bloomberg,positive,high,news
Fed event impacts volatility,41.49,2026-01-01,crypto,BTC,CNBC,negative,high,news
Bitcoin event impacts volatility,16.63,2026-01-01,macro,TSLA,Reuters,negative,high,news
AI event impacts volatility,38.76,2026-01-02,earnings,SPY,Reuters,negative,medium,news
ETF event impacts volatility,62.56,2026-01-02,macro,BTC,Reuters,neutral,low,news
AI event impacts volatility,87.76,2026-01-05,earnings,TSLA,Bloomberg,neutral,low,news
AI event impacts volatility,64.73,2026-01-05,fed,TSLA,CNBC,positive,medium,news
Fed event impacts volatility,98.67,2026-01-06,fed,SPY,CNBC,negative,low,news
Market event impacts volatility,22.21,2026-01-06,crypto,SPY,Bloomberg,positive,low,news
AI event impacts volatility,76.25,2026-01-07,macro,TSLA,CNBC,neutral,medium,news
Fed event impacts volatility,33.55,2026-01-07,macro,NVDA,Reuters,neutral,medium,news
Fed event impacts volatility,65.3,2026-01-08,crypto,SPY,Reuters,positive,medium,news
AI event impacts volatility,76.56,2026-01-08,crypto,SPY,Bloomberg,neutral,medium,news
AI event impacts volatility,84.31,2026-01-09,fed,NVDA,Bloomberg,negative,low,news
Fed event impacts volatility,13.3,2026-01-09,fed,SPY,Reuters,negative,low,news
AI event impacts volatility,20.2,2026-01-12,fed,BTC,CNBC,positive,low,news
ETF event impacts volatility,18.47,2026-01-12,crypto,SPY,CNBC,neutral,high,news
Bitcoin event impacts volatility,68.71,2026-01-13,macro,TSLA,Bloomberg,negative,low,news
AI event impacts volatility,79.07,2026-01-13,ai,SPY,Bloomberg,positive,low,news
Market event impacts volatility,38.31,2026-01-14,ai,NVDA,Bloomberg,neutral,medium,news
Fed event impacts volatility,17.13,2026-01-14,macro,BTC,Reuters,negative,medium,news
AI event impacts volatility,45.85,2026-01-15,earnings,SPY,Reuters,negative,low,news
Fed event impacts volatility,9.06,2026-01-15,fed,NVDA,CNBC,neutral,high,news
Fed event impacts volatility,53.45,2026-01-16,macro,TSLA,CNBC,positive,medium,news
Bitcoin event impacts volatility,96.79,2026-01-16,fed,SPY,CNBC,positive,high,news
Bitcoin event impacts volatility,35.37,2026-01-19,macro,SPY,Bloomberg,negative,medium,news
AI event impacts volatility,16.0,2026-01-19,earnings,BTC,CNBC,positive,low,news
Market event impacts volatility,88.39,2026-01-20,earnings,NVDA,CNBC,positive,high,news
ETF event impacts volatility,17.74,2026-01-20,fed,SPY,Reuters,negative,high,news
Bitcoin event impacts volatility,60.6,2026-01-21,crypto,SPY,Bloomberg,neutral,medium,news
AI event impacts volatility,12.03,2026-01-21,fed,TSLA,Bloomberg,positive,low,news
AI event impacts volatility,34.78,2026-01-22,fed,TSLA,Bloomberg,negative,medium,news
Fed event impacts volatility,39.7,2026-01-22,ai,TSLA,Reuters,negative,medium,news
Fed event impacts volatility,36.55,2026-01-23,ai,SPY,Reuters,neutral,medium,news
Market event impacts volatility,68.88,2026-01-23,ai,TSLA,Reuters,neutral,low,news
Bitcoin event impacts volatility,16.77,2026-01-26,crypto,NVDA,CNBC,negative,low,news
Bitcoin event impacts volatility,39.6,2026-01-26,crypto,NVDA,Bloomberg,positive,high,news
Fed event impacts volatility,51.76,2026-01-27,earnings,BTC,CNBC,negative,high,news
ETF event impacts volatility,27.18,2026-01-27,crypto,BTC,Reuters,positive,low,news
Fed event impacts volatility,33.94,2026-01-28,crypto,NVDA,Reuters,neutral,low,news
ETF event impacts volatility,52.71,2026-01-28,macro,SPY,Bloomberg,positive,medium,news
Bitcoin event impacts volatility,42.95,2026-01-29,macro,NVDA,Bloomberg,negative,low,news
AI event impacts volatility,23.39,2026-01-29,fed,TSLA,Reuters,positive,low,news
Fed event impacts volatility,89.84,2026-01-30,macro,SPY,Bloomberg,negative,high,news
Bitcoin event impacts volatility,51.1,2026-01-30,fed,NVDA,CNBC,neutral,low,news
AI event impacts volatility,46.61,2026-02-02,macro,BTC,Reuters,neutral,high,news
ETF event impacts volatility,43.03,2026-02-02,earnings,BTC,Reuters,neutral,medium,news
Bitcoin event impacts volatility,99.23,2026-02-03,fed,BTC,CNBC,positive,high,news
Market event impacts volatility,30.07,2026-02-03,earnings,TSLA,CNBC,negative,high,news
Fed event impacts volatility,2.21,2026-02-04,fed,SPY,CNBC,neutral,low,news
Bitcoin event impacts volatility,19.68,2026-02-04,macro,TSLA,CNBC,positive,medium,news
Fed event impacts volatility,0.94,2026-02-05,macro,BTC,CNBC,positive,low,news
Fed event impacts volatility,79.09,2026-02-05,crypto,NVDA,Bloomberg,negative,low,news
Fed event impacts volatility,19.14,2026-02-06,fed,SPY,CNBC,positive,low,news
ETF event impacts volatility,32.19,2026-02-06,macro,TSLA,CNBC,neutral,low,news
Bitcoin event impacts volatility,65.71,2026-02-09,ai,SPY,CNBC,positive,high,news
AI event impacts volatility,90.05,2026-02-09,fed,TSLA,Bloomberg,positive,high,news
Fed event impacts volatility,82.93,2026-02-10,macro,BTC,Reuters,neutral,low,news
ETF event impacts volatility,80.48,2026-02-10,ai,TSLA,Reuters,neutral,medium,news
Market event impacts volatility,3.37,2026-02-11,macro,SPY,Reuters,negative,medium,news
Bitcoin event impacts volatility,15.28,2026-02-11,macro,NVDA,CNBC,neutral,medium,news
Fed event impacts volatility,78.45,2026-02-12,macro,NVDA,Reuters,neutral,medium,news
Market event impacts volatility,86.28,2026-02-12,ai,NVDA,Bloomberg,negative,high,news
AI event impacts volatility,52.94,2026-02-13,fed,TSLA,Reuters,positive,high,news
AI event impacts volatility,55.43,2026-02-13,fed,TSLA,Bloomberg,neutral,low,news
Bitcoin event impacts volatility,26.6,2026-02-16,ai,TSLA,Reuters,positive,medium,news
Fed event impacts volatility,19.49,2026-02-16,ai,SPY,Reuters,negative,medium,news
Market event impacts volatility,59.71,2026-02-17,crypto,BTC,Bloomberg,negative,low,news
Market event impacts volatility,39.87,2026-02-17,ai,SPY,CNBC,neutral,high,news
AI event impacts volatility,22.67,2026-02-18,earnings,TSLA,Reuters,negative,low,news
AI event impacts volatility,98.61,2026-02-18,earnings,BTC,CNBC,positive,high,news
Fed event impacts volatility,0.69,2026-02-19,earnings,BTC,CNBC,positive,medium,news
ETF event impacts volatility,27.0,2026-02-19,macro,SPY,Reuters,neutral,high,news
Market event impacts volatility,27.16,2026-02-20,crypto,NVDA,Bloomberg,negative,medium,news
Fed event impacts volatility,87.19,2026-02-20,fed,TSLA,Reuters,neutral,medium,news
AI event impacts volatility,68.32,2026-02-23,crypto,NVDA,Reuters,negative,low,news
Fed event impacts volatility,12.66,2026-02-23,earnings,BTC,Reuters,negative,medium,news
ETF event impacts volatility,5.99,2026-02-24,ai,TSLA,Reuters,neutral,low,news
ETF event impacts volatility,39.09,2026-02-24,fed,TSLA,Bloomberg,positive,medium,news
AI event impacts volatility,15.79,2026-02-25,earnings,SPY,Reuters,negative,low,news
Fed event impacts volatility,44.26,2026-02-25,crypto,SPY,CNBC,negative,low,news
AI event impacts volatility,75.56,2026-02-26,fed,BTC,CNBC,positive,high,news
Bitcoin event impacts volatility,45.04,2026-02-26,earnings,NVDA,Bloomberg,negative,low,news
AI event impacts volatility,33.9,2026-02-27,fed,NVDA,CNBC,negative,medium,news
Market event impacts volatility,18.15,2026-02-27,earnings,BTC,Reuters,negative,low,news
Market event impacts volatility,33.81,2026-03-02,earnings,BTC,Reuters,negative,high,news
ETF event impacts volatility,37.64,2026-03-02,fed,BTC,Reuters,positive,high,news
Market event impacts volatility,77.14,2026-03-03,macro,NVDA,CNBC,negative,low,news
Fed event impacts volatility,61.11,2026-03-03,fed,NVDA,Bloomberg,positive,medium,news
ETF event impacts volatility,79.71,2026-03-04,earnings,SPY,CNBC,positive,high,news
AI event impacts volatility,17.61,2026-03-04,earnings,BTC,Reuters,neutral,medium,news
Fed event impacts volatility,16.94,2026-03-05,ai,BTC,CNBC,negative,medium,news
Fed event impacts volatility,66.49,2026-03-05,earnings,SPY,CNBC,negative,low,news
Market event impacts volatility,83.31,2026-03-06,crypto,SPY,Reuters,negative,medium,news
Fed event impacts volatility,80.51,2026-03-06,ai,NVDA,Bloomberg,positive,high,news
ETF event impacts volatility,54.89,2026-03-09,crypto,TSLA,Bloomberg,neutral,high,news
ETF event impacts volatility,87.7,2026-03-09,macro,NVDA,Reuters,negative,low,news
ETF event impacts volatility,44.23,2026-03-10,crypto,NVDA,Bloomberg,neutral,low,news
Market event impacts volatility,40.2,2026-03-10,ai,BTC,Bloomberg,positive,medium,news
Market event impacts volatility,75.33,2026-03-11,crypto,BTC,Reuters,neutral,medium,news
Bitcoin event impacts volatility,14.65,2026-03-11,macro,SPY,Bloomberg,positive,low,news
Fed event impacts volatility,18.74,2026-03-12,ai,SPY,Bloomberg,positive,high,news
ETF event impacts volatility,82.68,2026-03-12,ai,SPY,CNBC,negative,low,news
Fed event impacts volatility,32.94,2026-03-13,earnings,NVDA,Reuters,positive,high,news
ETF event impacts volatility,36.65,2026-03-13,macro,NVDA,CNBC,positive,medium,news
Bitcoin event impacts volatility,14.87,2026-03-16,macro,SPY,CNBC,positive,high,news
Bitcoin event impacts volatility,21.0,2026-03-16,crypto,BTC,Bloomberg,neutral,low,news
Fed event impacts volatility,85.28,2026-03-17,crypto,NVDA,CNBC,positive,low,news
Market event impacts volatility,43.83,2026-03-17,macro,TSLA,Bloomberg,negative,low,news
Market event impacts volatility,36.33,2026-03-18,macro,NVDA,Bloomberg,positive,high,news
Market event impacts volatility,82.6,2026-03-18,fed,BTC,CNBC,negative,low,news
ETF event impacts volatility,9.11,2026-03-19,macro,BTC,Bloomberg,positive,low,news
AI event impacts volatility,96.39,2026-03-19,earnings,SPY,Bloomberg,neutral,high,news
Bitcoin event impacts volatility,59.45,2026-03-20,fed,BTC,CNBC,positive,medium,news
ETF event impacts volatility,37.96,2026-03-20,crypto,TSLA,Reuters,positive,high,news
ETF event impacts volatility,50.16,2026-03-23,ai,SPY,CNBC,positive,high,news
Fed event impacts volatility,79.33,2026-03-23,macro,SPY,Bloomberg,neutral,high,news
Fed event impacts volatility,45.52,2026-03-24,crypto,BTC,CNBC,negative,low,news
Fed event impacts volatility,70.29,2026-03-24,ai,SPY,Reuters,negative,low,news
Market event impacts volatility,35.43,2026-03-25,crypto,SPY,Bloomberg,neutral,low,news
Market event impacts volatility,54.74,2026-03-25,crypto,SPY,Reuters,positive,high,news
Fed event impacts volatility,66.75,2026-03-26,crypto,TSLA,Reuters,negative,medium,news
ETF event impacts volatility,98.05,2026-03-26,earnings,SPY,Reuters,positive,medium,news
Fed event impacts volatility,8.9,2026-03-27,macro,SPY,Bloomberg,neutral,high,news
Market event impacts volatility,45.74,2026-03-27,fed,SPY,Bloomberg,negative,high,news
Bitcoin event impacts volatility,69.29,2026-03-30,crypto,TSLA,Bloomberg,negative,low,news
Fed event impacts volatility,72.17,2026-03-30,fed,BTC,Reuters,positive,low,news
Bitcoin event impacts volatility,90.55,2026-03-31,ai,TSLA,Bloomberg,positive,medium,news
Bitcoin event impacts volatility,47.05,2026-03-31,ai,TSLA,Bloomberg,negative,low,news
AI event impacts volatility,63.87,2026-04-01,crypto,TSLA,CNBC,negative,medium,news
Bitcoin event impacts volatility,61.64,2026-04-01,fed,SPY,Reuters,positive,low,news
AI event impacts volatility,27.72,2026-04-02,crypto,BTC,Reuters,negative,low,news
Market event impacts volatility,75.68,2026-04-02,ai,TSLA,Reuters,negative,medium,news
ETF event impacts volatility,36.8,2026-04-03,fed,BTC,CNBC,neutral,high,news
AI event impacts volatility,23.95,2026-04-03,crypto,BTC,Bloomberg,negative,medium,news
ETF event impacts volatility,55.37,2026-04-06,fed,SPY,Reuters,neutral,low,news
Bitcoin event impacts volatility,68.97,2026-04-06,ai,NVDA,Bloomberg,neutral,medium,news
Fed event impacts volatility,65.45,2026-04-07,ai,NVDA,Bloomberg,positive,low,news
ETF event impacts volatility,98.38,2026-04-07,macro,NVDA,CNBC,positive,low,news
Market event impacts volatility,42.27,2026-04-08,crypto,TSLA,Reuters,negative,high,news
Market event impacts volatility,51.62,2026-04-08,macro,BTC,CNBC,negative,high,news
Market event impacts volatility,29.62,2026-04-09,fed,BTC,CNBC,negative,low,news
AI event impacts volatility,37.61,2026-04-09,earnings,BTC,Bloomberg,negative,medium,news
AI event impacts volatility,41.71,2026-04-10,macro,NVDA,CNBC,negative,low,news
Fed event impacts volatility,92.66,2026-04-10,earnings,NVDA,CNBC,negative,low,news
AI event impacts volatility,79.98,2026-04-13,crypto,SPY,Bloomberg,positive,low,news
Market event impacts volatility,20.89,2026-04-13,crypto,BTC,CNBC,positive,medium,news
Fed event impacts volatility,51.8,2026-04-14,ai,TSLA,Bloomberg,neutral,medium,news
AI event impacts volatility,34.06,2026-04-14,crypto,BTC,Bloomberg,neutral,high,news
Fed event impacts volatility,65.57,2026-04-15,crypto,TSLA,CNBC,positive,low,news
Market event impacts volatility,93.49,2026-04-15,macro,SPY,Bloomberg,positive,medium,news
Market event impacts volatility,16.72,2026-04-16,ai,NVDA,Bloomberg,neutral,low,news
Fed event impacts volatility,62.92,2026-04-16,earnings,NVDA,CNBC,positive,low,news
Market event impacts volatility,88.27,2026-04-17,fed,TSLA,Reuters,positive,low,news
ETF event impacts volatility,97.4,2026-04-17,crypto,BTC,Bloomberg,positive,low,news
AI event impacts volatility,71.34,2026-04-20,crypto,BTC,Reuters,positive,low,news
Fed event impacts volatility,38.58,2026-04-20,fed,TSLA,Reuters,positive,high,news
Bitcoin event impacts volatility,22.63,2026-04-21,macro,SPY,CNBC,positive,low,news
AI event impacts volatility,83.31,2026-04-21,earnings,NVDA,CNBC,negative,low,news
Fed event impacts volatility,59.81,2026-04-22,crypto,BTC,CNBC,neutral,high,news
AI event impacts volatility,76.61,2026-04-22,ai,SPY,CNBC,neutral,high,news
Market event impacts volatility,51.25,2026-04-23,earnings,TSLA,CNBC,negative,high,news
Bitcoin event impacts volatility,84.89,2026-04-23,crypto,SPY,Reuters,positive,high,news
Market event impacts volatility,63.67,2026-04-24,crypto,BTC,Reuters,neutral,medium,news
Bitcoin event impacts volatility,62.84,2026-04-24,ai,SPY,Reuters,negative,medium,news
ETF event impacts volatility,20.8,2026-04-27,fed,TSLA,Bloomberg,neutral,high,news
Fed event impacts volatility,95.87,2026-04-27,macro,BTC,CNBC,negative,low,news
Fed event impacts volatility,29.8,2026-04-28,ai,BTC,Bloomberg,neutral,low,news
Market event impacts volatility,35.99,2026-04-28,fed,BTC,Reuters,negative,low,news
Fed event impacts volatility,4.56,2026-04-29,earnings,BTC,CNBC,positive,high,news
Bitcoin event impacts volatility,16.48,2026-04-29,fed,SPY,Bloomberg,neutral,high,news
ETF event impacts volatility,99.95,2026-04-30,fed,NVDA,Reuters,positive,high,news
Fed event impacts volatility,25.28,2026-04-30,fed,SPY,Bloomberg,positive,high,news
Fed event impacts volatility,66.56,2026-05-01,macro,NVDA,Reuters,negative,low,news
ETF event impacts volatility,36.39,2026-05-01,macro,TSLA,Reuters,neutral,high,news
Fed event impacts volatility,69.93,2026-05-04,crypto,BTC,Reuters,positive,high,news
Bitcoin event impacts volatility,98.62,2026-05-04,macro,SPY,CNBC,negative,medium,news
ETF event impacts volatility,41.15,2026-05-05,ai,NVDA,CNBC,negative,low,news
Market event impacts volatility,21.29,2026-05-05,fed,TSLA,CNBC,positive,low,news
Fed event impacts volatility,26.31,2026-05-06,fed,BTC,Bloomberg,neutral,medium,news
Bitcoin event impacts volatility,2.14,2026-05-06,earnings,SPY,Reuters,negative,low,news
Bitcoin event impacts volatility,59.26,2026-05-07,ai,TSLA,Reuters,neutral,medium,news
Bitcoin event impacts volatility,13.93,2026-05-07,crypto,BTC,Bloomberg,positive,medium,news
Market event impacts volatility,27.77,2026-05-08,macro,BTC,Reuters,neutral,high,news
ETF event impacts volatility,71.72,2026-05-08,ai,NVDA,CNBC,negative,high,news
